customer_id,full_name,email,region,signup_date,lifetime_value,segment
CUST-000001,Carla Cordova,carla.cordova@example.org,EMEA,2023-08-26,8944.97,enterprise
CUST-000002,Vera Adler,vera.adler@example.org,APAC,2024-04-23,41962.19,enterprise
CUST-000003,Maja Olsen,maja.olsen@example.com,AMER,2023-01-13,60750.01,enterprise
CUST-000004,Nils Gruber,nils.gruber@example.net,AMER,2024-03-24,24971.47,enterprise
CUST-000005,Quinn Halvorsen,quinn.halvorsen@example.org,AMER,2022-02-11,13717.06,midmarket
CUST-000006,Hugo Bergmann,hugo.bergmann@example.com,AMER,2022-09-25,51344.12,enterprise
CUST-000007,Rosa Petrov,rosa.petrov@example.com,EMEA,2025-05-28,2202.75,smb
CUST-000008,Carla Bergmann,carla.bergmann@example.com,APAC,2023-09-05,16206.48,enterprise
CUST-000009,Rosa Vermeer,rosa.vermeer@example.net,EMEA,2021-07-21,5559.98,midmarket
CUST-000010,Jonas Kowalski,jonas.kowalski@example.com,AMER,2022-01-09,6139.02,midmarket
CUST-000011,Quinn Schneider,quinn.schneider@example.org,AMER,2022-04-30,48428.34,enterprise
CUST-000012,Hugo Ivanov,hugo.ivanov@example.org,APAC,2024-12-29,1296.70,smb
CUST-000013,Greta Eriksen,greta.eriksen@example.com,AMER,2023-10-12,724.02,smb
CUST-000014,Zoran Kowalski,zoran.kowalski@example.org,AMER,2023-03-28,27184.06,enterprise
CUST-000015,Quinn Rossi,quinn.rossi@example.com,AMER,2023-09-30,22234.64,enterprise
CUST-000016,Dmitri Gruber,dmitri.gruber@example.net,APAC,2021-08-03,19985.69,enterprise
CUST-000017,Lars Gruber,lars.gruber@example.net,APAC,2021-09-27,1639.22,smb
CUST-000018,Zoran Gruber,zoran.gruber@example.net,APAC,2023-01-24,15383.61,midmarket
CUST-000019,Olga Cordova,olga.cordova@example.com,AMER,2023-08-21,1537.06,smb
CUST-000020,Ines Toivonen,ines.toivonen@example.org,EMEA,2024-09-14,75142.92,enterprise
CUST-000021,Carla Bergmann,carla.bergmann@example.net,EMEA,2022-06-27,62300.16,enterprise
CUST-000022,Quinn Moreau,quinn.moreau@example.org,APAC,2025-06-29,779.43,smb
CUST-000023,Maja Ivanov,maja.ivanov@example.com,EMEA,2023-07-24,897.24,smb
CUST-000024,Nils Moreau,nils.moreau@example.net,EMEA,2021-05-11,23728.70,enterprise
CUST-000025,Piet Halvorsen,piet.halvorsen@example.com,EMEA,2022-01-04,33157.30,enterprise
CUST-000026,Rosa Adler,rosa.adler@example.com,AMER,2024-05-20,1105.95,smb
CUST-000027,Maja Vermeer,maja.vermeer@example.net,EMEA,2025-04-26,2037.68,midmarket
CUST-000028,Piet Kowalski,piet.kowalski@example.net,APAC,2023-08-20,8043.81,enterprise
CUST-000029,Vera Adler,vera.adler@example.net,AMER,2022-06-10,865.64,smb
CUST-000030,Alina Gruber,alina.gruber@example.org,AMER,2024-09-25,4361.38,midmarket
CUST-000031,Greta Rossi,greta.rossi@example.com,AMER,2022-07-03,48976.61,enterprise
CUST-000032,Rosa Rossi,rosa.rossi@example.org,AMER,2023-08-20,73450.22,enterprise
CUST-000033,Alina Eriksen,alina.eriksen@example.net,AMER,2022-02-25,4156.51,midmarket
CUST-000034,Ulrich Rossi,ulrich.rossi@example.net,AMER,2024-07-27,2324.86,smb
CUST-000035,Jonas Dahl,jonas.dahl@example.net,AMER,2022-09-16,11706.22,midmarket
CUST-000036,Jonas Halvorsen,jonas.halvorsen@example.net,EMEA,2025-05-04,12246.61,midmarket
CUST-000037,Yara Schneider,yara.schneider@example.net,APAC,2021-08-01,843.15,smb
CUST-000038,Jonas Ivanov,jonas.ivanov@example.org,EMEA,2021-09-17,13867.32,midmarket
CUST-000039,Wim Rossi,wim.rossi@example.net,APAC,2023-07-17,1966.21,midmarket
CUST-000040,Maja Gruber,maja.gruber@example.org,EMEA,2023-04-11,33167.76,enterprise
CUST-000041,Bruno Cordova,bruno.cordova@example.org,APAC,2025-10-11,17789.60,midmarket
CUST-000042,Yara Rossi,yara.rossi@example.org,AMER,2024-07-08,2537.29,smb
CUST-000043,Elif Eriksen,elif.eriksen@example.org,EMEA,2021-07-28,1223.89,smb
CUST-000044,Kira Cordova,kira.cordova@example.net,EMEA,2021-11-28,15073.82,enterprise
CUST-000045,Hugo Falk,hugo.falk@example.org,EMEA,2023-03-28,2658.11,smb
CUST-000046,Tessa Petrov,tessa.petrov@example.net,AMER,2024-07-21,37868.72,enterprise
CUST-000047,Lars Eriksen,lars.eriksen@example.net,AMER,2021-07-09,5914.43,midmarket
CUST-000048,Sven Dahl,sven.dahl@example.com,AMER,2023-11-18,1776.76,smb
CUST-000049,Rosa Eriksen,rosa.eriksen@example.com,EMEA,2024-04-07,31145.83,enterprise
CUST-000050,Maja Cordova,maja.cordova@example.com,APAC,2024-02-13,42191.03,enterprise
CUST-000051,Farid Adler,farid.adler@example.com,APAC,2025-04-02,579.35,smb
CUST-000052,Kira Moreau,kira.moreau@example.org,APAC,2023-08-04,3372.45,midmarket
CUST-000053,Vera Gruber,vera.gruber@example.net,APAC,2021-11-22,14082.21,midmarket
CUST-000054,Carla Olsen,carla.olsen@example.net,AMER,2025-04-17,2235.18,smb
CUST-000055,Quinn Dahl,quinn.dahl@example.com,APAC,2022-06-22,9232.96,enterprise
CUST-000056,Rosa Kowalski,rosa.kowalski@example.net,EMEA,2025-06-03,2155.03,smb
CUST-000057,Dmitri Dahl,dmitri.dahl@example.org,EMEA,2024-09-22,1290.90,smb
CUST-000058,Wim Novak,wim.novak@example.org,APAC,2023-09-21,11622.59,enterprise
CUST-000059,Elif Ivanov,elif.ivanov@example.com,AMER,2025-06-12,65310.79,enterprise
CUST-000060,Kira Ivanov,kira.ivanov@example.org,AMER,2022-01-15,13949.55,midmarket
CUST-000061,Rosa Moreau,rosa.moreau@example.org,APAC,2023-05-22,29035.83,enterprise
CUST-000062,Yara Falk,yara.falk@example.net,EMEA,2025-12-05,12817.85,midmarket
CUST-000063,Ines Kowalski,ines.kowalski@example.org,APAC,2023-09-25,1835.34,smb
CUST-000064,Vera Olsen,vera.olsen@example.com,AMER,2021-12-07,10511.56,midmarket
CUST-000065,Nils Bergmann,nils.bergmann@example.net,APAC,2024-02-04,12929.73,midmarket
CUST-000066,Yara Gruber,yara.gruber@example.net,APAC,2024-11-04,2197.53,smb
CUST-000067,Lars Vermeer,lars.vermeer@example.net,EMEA,2023-06-03,4683.02,midmarket
CUST-000068,Yara Petrov,yara.petrov@example.com,EMEA,2021-11-19,1751.91,smb
CUST-000069,Carla Schneider,carla.schneider@example.net,AMER,2025-06-01,2140.88,smb
CUST-000070,Sven Ivanov,sven.ivanov@example.org,APAC,2025-05-02,32801.02,enterprise
CUST-000071,Greta Lindqvist,greta.lindqvist@example.com,AMER,2024-09-18,57969.26,enterprise
CUST-000072,Maja Ivanov,maja.ivanov@example.net,AMER,2023-07-15,11785.75,midmarket
CUST-000073,Elif Petrov,elif.petrov@example.org,EMEA,2021-06-23,60900.18,enterprise
CUST-000074,Nils Dahl,nils.dahl@example.net,AMER,2023-08-31,1875.40,smb
CUST-000075,Bruno Vermeer,bruno.vermeer@example.org,EMEA,2021-04-11,24758.24,enterprise
CUST-000076,Yara Lindqvist,yara.lindqvist@example.com,APAC,2022-12-13,58140.15,enterprise
CUST-000077,Jonas Ivanov,jonas.ivanov@example.org,AMER,2025-10-10,25960.58,enterprise
CUST-000078,Alina Moreau,alina.moreau@example.com,APAC,2021-05-05,9400.81,enterprise
CUST-000079,Piet Schneider,piet.schneider@example.net,AMER,2021-06-02,11006.41,midmarket
CUST-000080,Rosa Olsen,rosa.olsen@example.net,EMEA,2022-11-22,4616.17,midmarket
CUST-000081,Rosa Bergmann,rosa.bergmann@example.com,APAC,2023-04-10,12290.18,midmarket
CUST-000082,Vera Ivanov,vera.ivanov@example.org,AMER,2021-10-12,16237.69,midmarket
CUST-000083,Elif Moreau,elif.moreau@example.net,AMER,2025-08-06,58900.50,enterprise
CUST-000084,Piet Adler,piet.adler@example.com,APAC,2024-10-22,56419.93,enterprise
CUST-000085,Maja Falk,maja.falk@example.net,APAC,2025-10-06,6734.97,midmarket
CUST-000086,Elif Moreau,elif.moreau@example.org,APAC,2023-08-08,39945.23,enterprise
CUST-000087,Maja Toivonen,maja.toivonen@example.net,APAC,2025-07-01,8929.06,midmarket
CUST-000088,Hugo Dahl,hugo.dahl@example.org,EMEA,2022-10-19,2475.55,smb
CUST-000089,Piet Lindqvist,piet.lindqvist@example.net,APAC,2025-04-22,8928.16,enterprise
CUST-000090,Piet Petrov,piet.petrov@example.org,EMEA,2023-05-29,47429.71,enterprise
CUST-000091,Carla Dahl,carla.dahl@example.com,EMEA,2025-06-26,42802.79,enterprise
CUST-000092,Ines Dahl,ines.dahl@example.com,EMEA,2023-03-27,15392.62,midmarket
CUST-000093,Tessa Gruber,tessa.gruber@example.org,EMEA,2022-06-27,47293.79,enterprise
CUST-000094,Sven Petrov,sven.petrov@example.org,AMER,2021-09-05,61710.81,enterprise
CUST-000095,Nils Schneider,nils.schneider@example.com,APAC,2022-04-26,4351.97,midmarket
CUST-000096,Nils Moreau,nils.moreau@example.org,APAC,2021-03-11,2991.79,smb
CUST-000097,Jonas Cordova,jonas.cordova@example.com,EMEA,2023-11-21,11177.18,midmarket
CUST-000098,Sven Petrov,sven.petrov@example.org,EMEA,2025-11-15,1041.63,smb
CUST-000099,Wim Jansen,wim.jansen@example.org,AMER,2025-12-19,838.33,smb
CUST-000100,Hugo Ivanov,hugo.ivanov@example.net,AMER,2021-08-25,972.49,smb
CUST-000101,Kira Halvorsen,kira.halvorsen@example.org,AMER,2021-06-02,41531.73,enterprise
CUST-000102,Carla Olsen,carla.olsen@example.com,AMER,2021-10-05,2225.46,midmarket
CUST-000103,Elif Bergmann,elif.bergmann@example.org,APAC,2024-08-18,29275.97,enterprise
CUST-000104,Yara Olsen,yara.olsen@example.org,EMEA,2025-11-08,4039.09,midmarket
CUST-000105,Vera Bergmann,vera.bergmann@example.org,EMEA,2023-08-07,15116.56,midmarket
CUST-000106,Zoran Moreau,zoran.moreau@example.com,APAC,2023-02-13,753.04,smb
CUST-000107,Piet Halvorsen,piet.halvorsen@example.com,EMEA,2025-06-25,2089.35,smb
CUST-000108,Ines Moreau,ines.moreau@example.com,EMEA,2022-05-25,1948.24,smb
CUST-000109,Elif Bergmann,elif.bergmann@example.com,AMER,2023-02-22,2004.70,smb
CUST-000110,Kira Lindqvist,kira.lindqvist@example.com,AMER,2024-08-16,4317.06,midmarket
CUST-000111,Jonas Olsen,jonas.olsen@example.com,AMER,2024-11-06,1843.67,smb
CUST-000112,Dmitri Petrov,dmitri.petrov@example.com,APAC,2021-09-14,561.62,smb
CUST-000113,Dmitri Jansen,dmitri.jansen@example.com,EMEA,2022-05-18,790.41,smb
CUST-000114,Sven Gruber,sven.gruber@example.net,AMER,2024-01-18,13237.29,midmarket
CUST-000115,Farid Moreau,farid.moreau@example.net,AMER,2023-08-31,42247.72,enterprise
CUST-000116,Rosa Eriksen,rosa.eriksen@example.com,AMER,2025-02-17,17156.81,midmarket
CUST-000117,Ines Rossi,ines.rossi@example.net,AMER,2022-06-13,14176.97,midmarket
CUST-000118,Farid Novak,farid.novak@example.net,EMEA,2025-03-11,13942.80,midmarket
CUST-000119,Dmitri Petrov,dmitri.petrov@example.net,EMEA,2022-12-21,10345.70,midmarket
CUST-000120,Carla Jansen,carla.jansen@example.com,EMEA,2024-10-28,14398.40,enterprise
CUST-000121,Bruno Gruber,bruno.gruber@example.org,APAC,2025-02-04,1944.22,smb
CUST-000122,Greta Bergmann,greta.bergmann@example.com,AMER,2023-01-28,10627.13,midmarket
CUST-000123,Jonas Novak,jonas.novak@example.org,AMER,2021-04-17,48305.84,enterprise
CUST-000124,Ines Novak,ines.novak@example.com,EMEA,2023-02-14,465.33,smb
CUST-000125,Maja Falk,maja.falk@example.net,EMEA,2022-07-03,10911.19,midmarket
CUST-000126,Bruno Falk,bruno.falk@example.com,AMER,2025-11-14,75740.04,enterprise
CUST-000127,Hugo Falk,hugo.falk@example.com,EMEA,2021-01-19,3322.54,midmarket
CUST-000128,Rosa Moreau,rosa.moreau@example.com,APAC,2022-01-07,13209.03,midmarket
CUST-000129,Olga Bergmann,olga.bergmann@example.org,EMEA,2022-02-26,11222.13,enterprise
CUST-000130,Bruno Cordova,bruno.cordova@example.net,EMEA,2024-01-23,46747.08,enterprise
CUST-000131,Elif Kowalski,elif.kowalski@example.net,APAC,2021-07-03,763.57,smb
CUST-000132,Maja Eriksen,maja.eriksen@example.org,APAC,2021-01-29,56377.66,enterprise
CUST-000133,Sven Petrov,sven.petrov@example.net,APAC,2021-12-24,5527.80,midmarket
CUST-000134,Sven Toivonen,sven.toivonen@example.net,AMER,2021-01-23,1981.16,smb
CUST-000135,Dmitri Rossi,dmitri.rossi@example.com,EMEA,2021-10-03,12837.90,midmarket
CUST-000136,Olga Schneider,olga.schneider@example.net,APAC,2021-10-25,1753.56,smb
CUST-000137,Zoran Gruber,zoran.gruber@example.net,APAC,2025-10-30,9748.89,midmarket
CUST-000138,Alina Jansen,alina.jansen@example.org,EMEA,2025-10-09,14123.53,midmarket
CUST-000139,Ines Ivanov,ines.ivanov@example.com,AMER,2025-05-22,74149.77,enterprise
CUST-000140,Sven Schneider,sven.schneider@example.net,EMEA,2024-03-26,755.48,smb
CUST-000141,Bruno Schneider,bruno.schneider@example.com,AMER,2025-09-29,16685.19,midmarket
CUST-000142,Quinn Schneider,quinn.schneider@example.org,AMER,2022-11-12,5950.90,midmarket
CUST-000143,Bruno Kowalski,bruno.kowalski@example.com,EMEA,2023-09-01,1123.93,smb
CUST-000144,Rosa Moreau,rosa.moreau@example.net,EMEA,2023-11-28,1763.39,smb
CUST-000145,Greta Bergmann,greta.bergmann@example.org,APAC,2021-06-06,10552.26,midmarket
CUST-000146,Jonas Lindqvist,jonas.lindqvist@example.net,EMEA,2021-05-17,7890.62,midmarket
CUST-000147,Kira Halvorsen,kira.halvorsen@example.org,EMEA,2025-09-09,2490.79,smb
CUST-000148,Jonas Olsen,jonas.olsen@example.org,EMEA,2021-03-13,1191.26,smb
CUST-000149,Bruno Kowalski,bruno.kowalski@example.org,EMEA,2023-09-25,2019.65,smb
CUST-000150,Wim Novak,wim.novak@example.com,AMER,2022-03-31,1764.20,smb
CUST-000151,Greta Halvorsen,greta.halvorsen@example.com,APAC,2023-01-19,2024.01,smb
CUST-000152,Bruno Toivonen,bruno.toivonen@example.com,EMEA,2021-02-22,2256.63,midmarket
CUST-000153,Tessa Schneider,tessa.schneider@example.net,APAC,2024-04-07,14280.96,midmarket
CUST-000154,Nils Jansen,nils.jansen@example.net,EMEA,2022-01-18,1585.83,smb
CUST-000155,Nils Falk,nils.falk@example.net,AMER,2025-08-18,15461.51,midmarket
CUST-000156,Farid Rossi,farid.rossi@example.org,AMER,2025-04-09,12593.82,midmarket
CUST-000157,Dmitri Moreau,dmitri.moreau@example.org,EMEA,2025-05-25,2808.07,smb
CUST-000158,Farid Adler,farid.adler@example.com,APAC,2025-09-06,1062.47,smb
CUST-000159,Ines Rossi,ines.rossi@example.com,AMER,2024-04-11,10614.37,enterprise
CUST-000160,Piet Lindqvist,piet.lindqvist@example.org,EMEA,2023-11-01,803.14,smb
CUST-000161,Olga Lindqvist,olga.lindqvist@example.com,AMER,2023-05-24,10070.28,midmarket
CUST-000162,Piet Jansen,piet.jansen@example.org,EMEA,2023-05-06,17546.31,midmarket
CUST-000163,Nils Toivonen,nils.toivonen@example.org,APAC,2021-05-07,1611.11,smb
CUST-000164,Rosa Eriksen,rosa.eriksen@example.org,APAC,2021-09-26,31481.76,enterprise
CUST-000165,Yara Petrov,yara.petrov@example.org,APAC,2021-10-28,46401.27,enterprise
CUST-000166,Farid Ivanov,farid.ivanov@example.org,APAC,2024-07-26,428.43,smb
CUST-000167,Alina Ivanov,alina.ivanov@example.com,APAC,2025-06-14,11247.18,midmarket
CUST-000168,Carla Kowalski,carla.kowalski@example.com,AMER,2022-03-10,10004.47,midmarket
CUST-000169,Vera Ivanov,vera.ivanov@example.com,APAC,2022-07-12,8953.55,midmarket
CUST-000170,Zoran Ivanov,zoran.ivanov@example.com,APAC,2025-04-27,1605.20,smb
CUST-000171,Rosa Falk,rosa.falk@example.com,EMEA,2022-12-28,314.15,smb
CUST-000172,Lars Rossi,lars.rossi@example.org,EMEA,2024-09-22,652.81,smb
CUST-000173,Wim Lindqvist,wim.lindqvist@example.org,EMEA,2023-12-16,53894.98,enterprise
CUST-000174,Yara Lindqvist,yara.lindqvist@example.com,APAC,2021-06-17,15897.78,enterprise
CUST-000175,Greta Kowalski,greta.kowalski@example.org,EMEA,2025-07-09,8270.31,midmarket
CUST-000176,Piet Cordova,piet.cordova@example.org,EMEA,2023-11-28,1756.61,smb
CUST-000177,Wim Cordova,wim.cordova@example.org,APAC,2024-09-04,36111.85,enterprise
CUST-000178,Tessa Dahl,tessa.dahl@example.com,APAC,2022-11-25,1026.61,smb
CUST-000179,Hugo Falk,hugo.falk@example.net,EMEA,2022-04-13,7264.32,midmarket
CUST-000180,Alina Petrov,alina.petrov@example.org,APAC,2022-06-22,34836.83,enterprise
CUST-000181,Nils Adler,nils.adler@example.net,APAC,2023-03-23,5062.32,midmarket
CUST-000182,Wim Ivanov,wim.ivanov@example.net,APAC,2024-07-16,3699.66,midmarket
CUST-000183,Carla Dahl,carla.dahl@example.net,EMEA,2021-05-17,2872.98,smb
CUST-000184,Maja Petrov,maja.petrov@example.com,EMEA,2022-02-21,59533.99,enterprise
CUST-000185,Elif Novak,elif.novak@example.org,EMEA,2023-06-22,43750.52,enterprise
CUST-000186,Yara Ivanov,yara.ivanov@example.net,APAC,2025-06-06,31174.82,enterprise
CUST-000187,Olga Eriksen,olga.eriksen@example.org,APAC,2021-02-08,16733.03,enterprise
CUST-000188,Dmitri Adler,dmitri.adler@example.net,AMER,2025-07-19,22095.78,enterprise
CUST-000189,Olga Moreau,olga.moreau@example.com,APAC,2025-01-16,1729.16,smb
CUST-000190,Ulrich Lindqvist,ulrich.lindqvist@example.net,APAC,2021-05-22,61214.76,enterprise
CUST-000191,Greta Bergmann,greta.bergmann@example.org,APAC,2025-04-25,1157.37,smb
CUST-000192,Quinn Kowalski,quinn.kowalski@example.org,AMER,2021-11-26,63248.64,enterprise
CUST-000193,Quinn Jansen,quinn.jansen@example.net,EMEA,2021-05-07,1518.25,smb
CUST-000194,Carla Falk,carla.falk@example.com,AMER,2022-06-18,536.47,smb
CUST-000195,Bruno Bergmann,bruno.bergmann@example.com,APAC,2024-05-01,2530.08,smb
CUST-000196,Vera Lindqvist,vera.lindqvist@example.com,AMER,2023-01-06,1492.59,smb
CUST-000197,Ulrich Adler,ulrich.adler@example.org,EMEA,2021-08-25,7713.61,midmarket
CUST-000198,Quinn Adler,quinn.adler@example.com,EMEA,2022-11-19,1056.83,smb
CUST-000199,Kira Toivonen,kira.toivonen@example.net,EMEA,2024-03-04,27748.06,enterprise
CUST-000200,Vera Kowalski,vera.kowalski@example.org,APAC,2022-12-30,11874.65,enterprise
CUST-000201,Lars Novak,lars.novak@example.com,AMER,2025-11-13,2355.24,smb
CUST-000202,Carla Rossi,carla.rossi@example.org,AMER,2021-01-04,79285.10,enterprise
CUST-000203,Yara Olsen,yara.olsen@example.org,APAC,2023-09-28,3961.41,midmarket
CUST-000204,Yara Lindqvist,yara.lindqvist@example.net,EMEA,2021-04-05,8297.97,midmarket
CUST-000205,Olga Halvorsen,olga.halvorsen@example.org,AMER,2022-12-26,1271.14,smb
CUST-000206,Nils Adler,nils.adler@example.org,EMEA,2022-11-10,2585.73,smb
CUST-000207,Zoran Petrov,zoran.petrov@example.org,APAC,2021-01-13,8930.47,midmarket
CUST-000208,Sven Eriksen,sven.eriksen@example.net,APAC,2025-08-07,13995.55,midmarket
CUST-000209,Ulrich Olsen,ulrich.olsen@example.org,EMEA,2022-09-11,1973.17,smb
CUST-000210,Lars Ivanov,lars.ivanov@example.org,AMER,2022-01-30,72642.01,enterprise
CUST-000211,Carla Moreau,carla.moreau@example.org,EMEA,2023-05-26,734.81,smb
CUST-000212,Vera Falk,vera.falk@example.net,APAC,2022-04-09,17913.47,midmarket
CUST-000213,Hugo Kowalski,hugo.kowalski@example.org,APAC,2021-06-30,16453.48,midmarket
CUST-000214,Greta Cordova,greta.cordova@example.org,EMEA,2024-07-24,21084.56,enterprise
CUST-000215,Olga Dahl,olga.dahl@example.net,AMER,2023-10-18,11833.34,enterprise
CUST-000216,Hugo Adler,hugo.adler@example.com,APAC,2021-11-11,5293.96,midmarket
CUST-000217,Bruno Adler,bruno.adler@example.com,APAC,2021-10-06,1053.46,smb
CUST-000218,Ulrich Gruber,ulrich.gruber@example.net,APAC,2021-08-13,490.52,smb
CUST-000219,Bruno Ivanov,bruno.ivanov@example.com,EMEA,2022-06-19,35058.49,enterprise
CUST-000220,Piet Adler,piet.adler@example.org,EMEA,2025-08-30,2200.70,smb
CUST-000221,Sven Bergmann,sven.bergmann@example.org,EMEA,2023-11-26,2860.46,smb
CUST-000222,Dmitri Halvorsen,dmitri.halvorsen@example.com,EMEA,2023-03-05,15985.96,midmarket
CUST-000223,Wim Vermeer,wim.vermeer@example.org,AMER,2024-06-07,2634.15,smb
CUST-000224,Vera Adler,vera.adler@example.net,EMEA,2021-06-09,1731.71,smb
CUST-000225,Vera Ivanov,vera.ivanov@example.com,AMER,2024-09-28,1613.10,smb
CUST-000226,Vera Dahl,vera.dahl@example.org,APAC,2021-05-22,3100.88,midmarket
CUST-000227,Jonas Bergmann,jonas.bergmann@example.com,AMER,2024-03-05,16752.09,midmarket
CUST-000228,Ulrich Novak,ulrich.novak@example.com,APAC,2025-04-07,8057.86,midmarket
CUST-000229,Ulrich Halvorsen,ulrich.halvorsen@example.org,EMEA,2022-02-07,1194.89,smb
CUST-000230,Ines Petrov,ines.petrov@example.com,APAC,2025-06-20,48851.58,enterprise
CUST-000231,Bruno Vermeer,bruno.vermeer@example.com,APAC,2021-12-13,10905.13,midmarket
CUST-000232,Wim Halvorsen,wim.halvorsen@example.com,EMEA,2022-07-12,2071.87,smb
CUST-000233,Sven Adler,sven.adler@example.org,EMEA,2024-03-28,15898.72,midmarket
CUST-000234,Quinn Falk,quinn.falk@example.com,APAC,2021-10-20,7144.11,midmarket
CUST-000235,Elif Schneider,elif.schneider@example.com,AMER,2025-09-15,1607.99,smb
CUST-000236,Quinn Adler,quinn.adler@example.org,APAC,2023-08-14,5476.05,midmarket
CUST-000237,Piet Bergmann,piet.bergmann@example.org,AMER,2025-05-23,2920.31,smb
CUST-000238,Lars Halvorsen,lars.halvorsen@example.org,AMER,2025-09-19,828.15,smb
CUST-000239,Zoran Schneider,zoran.schneider@example.net,EMEA,2021-04-16,1077.50,smb
CUST-000240,Wim Moreau,wim.moreau@example.com,AMER,2025-05-31,34359.32,enterprise
CUST-000241,Ines Bergmann,ines.bergmann@example.com,EMEA,2022-05-19,8371.21,enterprise
CUST-000242,Carla Dahl,carla.dahl@example.org,APAC,2025-11-07,12296.36,midmarket
CUST-000243,Wim Cordova,wim.cordova@example.org,APAC,2021-03-29,54780.62,enterprise
CUST-000244,Zoran Cordova,zoran.cordova@example.com,EMEA,2024-01-30,855.40,smb
CUST-000245,Ines Novak,ines.novak@example.com,AMER,2024-05-11,1593.11,smb
CUST-000246,Rosa Jansen,rosa.jansen@example.org,AMER,2021-02-19,13429.78,midmarket
CUST-000247,Vera Vermeer,vera.vermeer@example.com,APAC,2022-08-15,17457.49,midmarket
CUST-000248,Rosa Toivonen,rosa.toivonen@example.net,AMER,2025-07-02,1939.29,smb
CUST-000249,Zoran Rossi,zoran.rossi@example.com,AMER,2022-09-26,14146.19,midmarket
CUST-000250,Maja Moreau,maja.moreau@example.org,AMER,2025-06-15,11826.57,midmarket
CUST-000251,Hugo Rossi,hugo.rossi@example.com,AMER,2021-05-02,24823.00,enterprise
CUST-000252,Wim Halvorsen,wim.halvorsen@example.net,AMER,2021-08-13,14079.54,midmarket
CUST-000253,Rosa Vermeer,rosa.vermeer@example.org,EMEA,2023-06-28,2669.00,smb
CUST-000254,Nils Dahl,nils.dahl@example.com,EMEA,2021-11-14,2253.46,smb
CUST-000255,Dmitri Schneider,dmitri.schneider@example.com,APAC,2022-05-14,18853.39,enterprise
CUST-000256,Nils Falk,nils.falk@example.net,EMEA,2022-08-07,2898.23,midmarket
CUST-000257,Carla Cordova,carla.cordova@example.org,EMEA,2021-06-16,34512.15,enterprise
CUST-000258,Yara Lindqvist,yara.lindqvist@example.com,AMER,2024-10-23,1866.88,smb
CUST-000259,Maja Gruber,maja.gruber@example.net,EMEA,2021-01-14,377.62,smb
CUST-000260,Alina Halvorsen,alina.halvorsen@example.com,APAC,2023-06-08,14840.65,midmarket
CUST-000261,Carla Eriksen,carla.eriksen@example.org,AMER,2024-05-16,562.09,smb
CUST-000262,Carla Falk,carla.falk@example.org,EMEA,2025-05-30,14185.10,midmarket
CUST-000263,Farid Halvorsen,farid.halvorsen@example.org,AMER,2024-07-15,17875.41,midmarket
CUST-000264,Elif Petrov,elif.petrov@example.net,AMER,2025-05-26,24509.46,enterprise
CUST-000265,Ines Moreau,ines.moreau@example.net,APAC,2021-10-02,15623.52,midmarket
CUST-000266,Rosa Falk,rosa.falk@example.com,EMEA,2021-05-21,1369.84,smb
CUST-000267,Sven Petrov,sven.petrov@example.com,APAC,2025-05-16,17443.54,midmarket
CUST-000268,Quinn Adler,quinn.adler@example.com,EMEA,2021-07-10,70310.49,enterprise
CUST-000269,Nils Falk,nils.falk@example.com,EMEA,2022-01-30,3246.32,midmarket
CUST-000270,Sven Toivonen,sven.toivonen@example.org,EMEA,2023-06-10,1836.91,smb
CUST-000271,Elif Bergmann,elif.bergmann@example.com,AMER,2025-12-18,1669.32,smb
CUST-000272,Quinn Toivonen,quinn.toivonen@example.org,AMER,2022-08-13,11101.89,midmarket
CUST-000273,Piet Novak,piet.novak@example.net,EMEA,2023-02-20,15726.74,midmarket
CUST-000274,Farid Olsen,farid.olsen@example.com,AMER,2022-10-16,1873.35,smb
CUST-000275,Elif Rossi,elif.rossi@example.net,EMEA,2025-03-11,14686.85,midmarket
CUST-000276,Bruno Jansen,bruno.jansen@example.net,APAC,2023-05-15,78270.50,enterprise
CUST-000277,Wim Adler,wim.adler@example.org,AMER,2021-01-05,73867.42,enterprise
CUST-000278,Wim Lindqvist,wim.lindqvist@example.net,APAC,2023-10-01,69009.67,enterprise
CUST-000279,Carla Lindqvist,carla.lindqvist@example.org,APAC,2022-09-22,1825.44,smb
CUST-000280,Yara Jansen,yara.jansen@example.org,APAC,2021-05-15,55501.30,enterprise
CUST-000281,Farid Halvorsen,farid.halvorsen@example.org,AMER,2023-11-03,22745.02,enterprise
CUST-000282,Carla Adler,carla.adler@example.com,AMER,2024-09-08,65963.30,enterprise
CUST-000283,Maja Ivanov,maja.ivanov@example.org,AMER,2021-07-19,50666.89,enterprise
CUST-000284,Jonas Falk,jonas.falk@example.com,EMEA,2025-12-04,7977.99,midmarket
CUST-000285,Vera Adler,vera.adler@example.com,APAC,2021-08-31,47970.39,enterprise
CUST-000286,Alina Vermeer,alina.vermeer@example.com,AMER,2021-04-03,60681.56,enterprise
CUST-000287,Piet Dahl,piet.dahl@example.org,AMER,2022-03-29,556.09,smb
CUST-000288,Sven Jansen,sven.jansen@example.net,EMEA,2022-02-04,15532.93,enterprise
CUST-000289,Olga Lindqvist,olga.lindqvist@example.org,EMEA,2025-05-08,4329.58,midmarket
CUST-000290,Carla Schneider,carla.schneider@example.com,AMER,2023-11-15,28957.68,enterprise
CUST-000291,Yara Adler,yara.adler@example.com,EMEA,2025-08-16,2347.34,smb
CUST-000292,Jonas Toivonen,jonas.toivonen@example.org,APAC,2022-09-14,17666.03,midmarket
CUST-000293,Lars Halvorsen,lars.halvorsen@example.com,APAC,2021-11-21,12013.76,midmarket
CUST-000294,Piet Schneider,piet.schneider@example.com,APAC,2025-01-16,15054.51,midmarket
CUST-000295,Zoran Bergmann,zoran.bergmann@example.org,APAC,2024-12-10,17768.79,enterprise
CUST-000296,Sven Eriksen,sven.eriksen@example.net,AMER,2025-12-09,994.44,smb
CUST-000297,Olga Adler,olga.adler@example.net,EMEA,2021-05-31,17202.44,midmarket
CUST-000298,Wim Eriksen,wim.eriksen@example.org,APAC,2022-05-15,53460.45,enterprise
CUST-000299,Quinn Ivanov,quinn.ivanov@example.org,APAC,2022-10-13,17386.63,midmarket
CUST-000300,Yara Vermeer,yara.vermeer@example.com,APAC,2021-09-17,11389.32,enterprise
CUST-000301,Elif Olsen,elif.olsen@example.net,EMEA,2023-06-04,769.07,smb
CUST-000302,Quinn Petrov,quinn.petrov@example.com,EMEA,2021-07-05,52138.12,enterprise
CUST-000303,Piet Schneider,piet.schneider@example.org,AMER,2024-11-10,1597.54,smb
CUST-000304,Hugo Lindqvist,hugo.lindqvist@example.com,EMEA,2025-04-09,1247.95,smb
CUST-000305,Ulrich Petrov,ulrich.petrov@example.com,EMEA,2023-11-24,12310.32,midmarket
CUST-000306,Greta Eriksen,greta.eriksen@example.net,EMEA,2025-12-20,2178.54,smb
CUST-000307,Greta Novak,greta.novak@example.net,EMEA,2025-02-24,14687.95,midmarket
CUST-000308,Kira Eriksen,kira.eriksen@example.net,EMEA,2022-07-27,12308.96,midmarket
CUST-000309,Piet Rossi,piet.rossi@example.net,APAC,2024-07-06,14603.70,midmarket
CUST-000310,Sven Vermeer,sven.vermeer@example.org,APAC,2022-08-18,39117.61,enterprise
CUST-000311,Nils Falk,nils.falk@example.net,AMER,2023-12-19,68379.61,enterprise
CUST-000312,Maja Novak,maja.novak@example.com,EMEA,2024-04-30,1164.94,smb
CUST-000313,Maja Petrov,maja.petrov@example.net,AMER,2022-06-05,565.63,smb
CUST-000314,Piet Rossi,piet.rossi@example.org,APAC,2025-06-12,14328.10,midmarket
CUST-000315,Wim Schneider,wim.schneider@example.org,AMER,2022-11-16,2772.54,smb
CUST-000316,Bruno Cordova,bruno.cordova@example.org,EMEA,2025-02-19,1974.26,smb
CUST-000317,Olga Jansen,olga.jansen@example.com,EMEA,2025-11-25,6413.99,midmarket
CUST-000318,Dmitri Moreau,dmitri.moreau@example.com,AMER,2021-08-23,997.32,smb
CUST-000319,Zoran Dahl,zoran.dahl@example.net,AMER,2021-02-28,16980.38,midmarket
CUST-000320,Yara Lindqvist,yara.lindqvist@example.com,EMEA,2025-06-04,6876.13,midmarket
CUST-000321,Lars Toivonen,lars.toivonen@example.com,EMEA,2022-06-20,12247.27,midmarket
CUST-000322,Yara Toivonen,yara.toivonen@example.com,EMEA,2021-04-28,56566.73,enterprise
CUST-000323,Hugo Lindqvist,hugo.lindqvist@example.net,APAC,2025-06-11,16780.64,midmarket
CUST-000324,Elif Toivonen,elif.toivonen@example.com,APAC,2022-06-05,30472.28,enterprise
CUST-000325,Olga Cordova,olga.cordova@example.org,APAC,2023-12-23,7185.35,midmarket
CUST-000326,Maja Kowalski,maja.kowalski@example.com,AMER,2022-04-25,516.85,smb
CUST-000327,Quinn Rossi,quinn.rossi@example.com,AMER,2021-07-30,2745.17,smb
CUST-000328,Zoran Ivanov,zoran.ivanov@example.com,EMEA,2025-02-04,2614.89,smb
CUST-000329,Bruno Schneider,bruno.schneider@example.com,EMEA,2022-05-10,2813.58,smb
CUST-000330,Tessa Eriksen,tessa.eriksen@example.com,APAC,2023-10-04,64787.39,enterprise
CUST-000331,Yara Halvorsen,yara.halvorsen@example.org,EMEA,2024-09-22,15022.92,enterprise
CUST-000332,Carla Ivanov,carla.ivanov@example.org,APAC,2025-06-18,59078.33,enterprise
CUST-000333,Sven Olsen,sven.olsen@example.net,EMEA,2024-12-10,8706.62,midmarket
CUST-000334,Zoran Novak,zoran.novak@example.net,APAC,2025-07-03,1457.17,smb
CUST-000335,Dmitri Novak,dmitri.novak@example.com,APAC,2021-04-28,911.49,smb
CUST-000336,Vera Olsen,vera.olsen@example.net,AMER,2022-04-05,1068.48,smb
CUST-000337,Ulrich Ivanov,ulrich.ivanov@example.com,APAC,2023-08-26,76727.21,enterprise
CUST-000338,Rosa Moreau,rosa.moreau@example.com,EMEA,2022-07-11,1894.32,smb
CUST-000339,Tessa Eriksen,tessa.eriksen@example.net,AMER,2022-09-06,48751.95,enterprise
CUST-000340,Greta Dahl,greta.dahl@example.net,EMEA,2022-11-08,12837.51,enterprise
CUST-000341,Greta Cordova,greta.cordova@example.org,EMEA,2022-06-30,70930.64,enterprise
CUST-000342,Kira Cordova,kira.cordova@example.net,EMEA,2024-12-06,1479.74,smb
CUST-000343,Nils Ivanov,nils.ivanov@example.org,EMEA,2021-08-13,637.30,smb
CUST-000344,Jonas Novak,jonas.novak@example.org,APAC,2024-04-04,74321.44,enterprise
CUST-000345,Alina Gruber,alina.gruber@example.com,AMER,2021-02-04,9557.95,midmarket
CUST-000346,Carla Novak,carla.novak@example.com,EMEA,2022-12-15,14880.08,midmarket
CUST-000347,Jonas Dahl,jonas.dahl@example.net,EMEA,2022-01-07,18321.80,enterprise
CUST-000348,Ines Ivanov,ines.ivanov@example.net,EMEA,2023-05-23,1070.10,smb
CUST-000349,Yara Eriksen,yara.eriksen@example.com,EMEA,2023-05-31,2655.46,smb
CUST-000350,Kira Kowalski,kira.kowalski@example.net,APAC,2025-07-30,3967.24,midmarket
CUST-000351,Vera Falk,vera.falk@example.org,AMER,2024-11-30,13225.09,midmarket
CUST-000352,Elif Falk,elif.falk@example.net,EMEA,2021-08-28,17237.98,midmarket
CUST-000353,Bruno Petrov,bruno.petrov@example.net,AMER,2021-09-04,41758.77,enterprise
CUST-000354,Nils Petrov,nils.petrov@example.org,EMEA,2022-01-03,2139.03,smb
CUST-000355,Nils Falk,nils.falk@example.net,APAC,2021-05-08,36983.50,enterprise
CUST-000356,Elif Petrov,elif.petrov@example.net,EMEA,2022-02-07,8002.36,enterprise
CUST-000357,Wim Petrov,wim.petrov@example.com,AMER,2025-06-23,20578.93,enterprise
CUST-000358,Olga Gruber,olga.gruber@example.net,AMER,2023-10-11,11054.33,midmarket
CUST-000359,Olga Halvorsen,olga.halvorsen@example.org,EMEA,2025-07-19,1160.33,smb
CUST-000360,Jonas Adler,jonas.adler@example.com,APAC,2024-02-24,1648.48,smb
CUST-000361,Wim Dahl,wim.dahl@example.net,AMER,2023-02-15,5433.08,midmarket
CUST-000362,Wim Halvorsen,wim.halvorsen@example.net,AMER,2025-03-05,13290.42,midmarket
CUST-000363,Elif Ivanov,elif.ivanov@example.net,APAC,2024-06-27,2043.75,smb
CUST-000364,Sven Cordova,sven.cordova@example.net,AMER,2023-09-19,50264.83,enterprise
CUST-000365,Dmitri Adler,dmitri.adler@example.net,APAC,2025-04-10,76957.40,enterprise
CUST-000366,Hugo Halvorsen,hugo.halvorsen@example.net,EMEA,2021-09-05,1265.91,smb
CUST-000367,Kira Moreau,kira.moreau@example.net,APAC,2022-06-12,2453.04,smb
CUST-000368,Ines Gruber,ines.gruber@example.org,EMEA,2025-04-27,2261.04,smb
CUST-000369,Wim Vermeer,wim.vermeer@example.org,AMER,2025-08-18,50404.22,enterprise
CUST-000370,Bruno Moreau,bruno.moreau@example.net,APAC,2025-11-13,13601.93,midmarket
CUST-000371,Elif Moreau,elif.moreau@example.com,EMEA,2025-04-15,16760.45,enterprise
CUST-000372,Wim Ivanov,wim.ivanov@example.org,APAC,2022-11-14,50240.27,enterprise
CUST-000373,Ines Eriksen,ines.eriksen@example.net,AMER,2023-02-01,13540.99,midmarket
CUST-000374,Zoran Toivonen,zoran.toivonen@example.com,AMER,2024-05-21,10834.97,midmarket
CUST-000375,Jonas Vermeer,jonas.vermeer@example.com,APAC,2023-10-09,16328.90,midmarket
CUST-000376,Greta Novak,greta.novak@example.com,APAC,2025-07-12,1194.52,smb
CUST-000377,Vera Bergmann,vera.bergmann@example.com,APAC,2024-02-06,2364.23,smb
CUST-000378,Jonas Dahl,jonas.dahl@example.net,AMER,2024-02-28,68136.46,enterprise
CUST-000379,Hugo Falk,hugo.falk@example.com,AMER,2025-05-23,18336.64,enterprise
CUST-000380,Ulrich Lindqvist,ulrich.lindqvist@example.net,EMEA,2023-01-03,11256.72,midmarket
CUST-000381,Vera Ivanov,vera.ivanov@example.org,EMEA,2021-09-27,1122.45,smb
CUST-000382,Rosa Jansen,rosa.jansen@example.com,AMER,2023-03-18,2841.55,smb
CUST-000383,Kira Ivanov,kira.ivanov@example.com,EMEA,2025-07-15,63285.52,enterprise
CUST-000384,Bruno Novak,bruno.novak@example.com,EMEA,2024-10-06,14451.23,midmarket
CUST-000385,Jonas Vermeer,jonas.vermeer@example.org,AMER,2024-10-08,2830.27,smb
CUST-000386,Ulrich Vermeer,ulrich.vermeer@example.org,EMEA,2025-02-28,71647.59,enterprise
CUST-000387,Kira Lindqvist,kira.lindqvist@example.net,APAC,2024-02-12,10729.86,midmarket
CUST-000388,Ulrich Jansen,ulrich.jansen@example.org,AMER,2024-09-26,1327.71,smb
CUST-000389,Quinn Halvorsen,quinn.halvorsen@example.org,AMER,2024-02-26,3458.55,midmarket
CUST-000390,Ines Gruber,ines.gruber@example.net,AMER,2024-06-25,1942.96,smb
CUST-000391,Olga Gruber,olga.gruber@example.com,APAC,2025-12-21,25591.51,enterprise
CUST-000392,Yara Schneider,yara.schneider@example.com,AMER,2023-03-08,63607.18,enterprise
CUST-000393,Quinn Eriksen,quinn.eriksen@example.org,APAC,2024-12-21,20604.37,enterprise
CUST-000394,Zoran Gruber,zoran.gruber@example.org,AMER,2022-11-04,1543.82,smb
CUST-000395,Greta Adler,greta.adler@example.com,EMEA,2023-06-28,1704.07,smb
CUST-000396,Sven Olsen,sven.olsen@example.com,AMER,2022-02-22,14037.49,midmarket
CUST-000397,Alina Toivonen,alina.toivonen@example.org,APAC,2022-07-02,2528.81,smb
CUST-000398,Bruno Schneider,bruno.schneider@example.com,APAC,2025-06-04,9468.47,midmarket
CUST-000399,Elif Kowalski,elif.kowalski@example.com,EMEA,2025-09-12,52085.49,enterprise
CUST-000400,Tessa Adler,tessa.adler@example.com,APAC,2021-04-14,1772.55,smb
CUST-000401,Sven Eriksen,sven.eriksen@example.com,AMER,2021-02-09,13922.72,midmarket
CUST-000402,Ulrich Novak,ulrich.novak@example.net,APAC,2021-11-15,13550.43,midmarket
CUST-000403,Alina Rossi,alina.rossi@example.com,APAC,2023-11-10,2719.06,smb
CUST-000404,Jonas Kowalski,jonas.kowalski@example.com,EMEA,2025-01-23,2422.21,smb
CUST-000405,Kira Schneider,kira.schneider@example.net,APAC,2022-08-04,62718.11,enterprise
CUST-000406,Elif Halvorsen,elif.halvorsen@example.com,AMER,2021-07-23,971.55,smb
CUST-000407,Kira Falk,kira.falk@example.org,AMER,2022-02-17,40621.54,enterprise
CUST-000408,Yara Schneider,yara.schneider@example.net,APAC,2023-09-28,8805.24,midmarket
CUST-000409,Maja Jansen,maja.jansen@example.com,EMEA,2022-12-29,6572.94,midmarket
CUST-000410,Greta Kowalski,greta.kowalski@example.org,AMER,2024-12-03,4355.64,midmarket
CUST-000411,Lars Falk,lars.falk@example.net,APAC,2021-07-22,57037.18,enterprise
CUST-000412,Rosa Petrov,rosa.petrov@example.com,APAC,2024-11-21,8914.50,midmarket
CUST-000413,Alina Kowalski,alina.kowalski@example.org,AMER,2024-06-23,51290.52,enterprise
CUST-000414,Wim Halvorsen,wim.halvorsen@example.org,APAC,2025-12-22,3611.15,midmarket
CUST-000415,Dmitri Schneider,dmitri.schneider@example.net,AMER,2023-06-28,2026.06,smb
CUST-000416,Greta Vermeer,greta.vermeer@example.org,AMER,2023-06-19,2926.29,smb
CUST-000417,Greta Novak,greta.novak@example.org,APAC,2025-03-22,23940.08,enterprise
CUST-000418,Hugo Falk,hugo.falk@example.com,AMER,2021-06-29,12084.53,midmarket
CUST-000419,Rosa Lindqvist,rosa.lindqvist@example.com,APAC,2021-09-29,33738.82,enterprise
CUST-000420,Elif Schneider,elif.schneider@example.org,AMER,2023-08-16,16552.87,midmarket
CUST-000421,Yara Olsen,yara.olsen@example.com,EMEA,2025-03-28,1394.70,smb
CUST-000422,Rosa Toivonen,rosa.toivonen@example.net,APAC,2022-07-06,20831.68,enterprise
CUST-000423,Alina Jansen,alina.jansen@example.org,APAC,2023-10-06,2432.34,smb
CUST-000424,Alina Halvorsen,alina.halvorsen@example.org,EMEA,2021-08-24,2808.57,smb
CUST-000425,Kira Lindqvist,kira.lindqvist@example.com,APAC,2022-11-15,15433.84,midmarket
CUST-000426,Jonas Moreau,jonas.moreau@example.net,AMER,2021-03-23,13863.90,enterprise
CUST-000427,Carla Adler,carla.adler@example.com,AMER,2023-05-26,1561.79,smb
CUST-000428,Piet Petrov,piet.petrov@example.com,AMER,2022-07-05,20598.98,enterprise
CUST-000429,Kira Petrov,kira.petrov@example.net,EMEA,2025-11-06,1614.24,smb
CUST-000430,Hugo Adler,hugo.adler@example.net,AMER,2023-12-06,4569.12,midmarket
CUST-000431,Quinn Jansen,quinn.jansen@example.com,APAC,2025-05-01,616.93,smb
CUST-000432,Greta Olsen,greta.olsen@example.org,EMEA,2025-03-21,2972.54,smb
CUST-000433,Piet Cordova,piet.cordova@example.com,EMEA,2021-07-27,12764.32,midmarket
CUST-000434,Sven Lindqvist,sven.lindqvist@example.org,APAC,2024-12-29,63290.58,enterprise
CUST-000435,Vera Falk,vera.falk@example.org,AMER,2022-09-17,994.75,smb
CUST-000436,Greta Falk,greta.falk@example.org,AMER,2022-03-07,35392.35,enterprise
CUST-000437,Greta Novak,greta.novak@example.net,AMER,2024-09-23,61507.68,enterprise
CUST-000438,Alina Halvorsen,alina.halvorsen@example.net,APAC,2025-04-03,2025.07,midmarket
CUST-000439,Elif Toivonen,elif.toivonen@example.net,APAC,2022-01-17,3536.73,midmarket
CUST-000440,Hugo Adler,hugo.adler@example.org,APAC,2025-01-21,9991.39,midmarket
CUST-000441,Carla Eriksen,carla.eriksen@example.com,AMER,2021-07-01,64382.66,enterprise
CUST-000442,Jonas Toivonen,jonas.toivonen@example.com,EMEA,2022-09-01,1391.64,smb
CUST-000443,Elif Eriksen,elif.eriksen@example.com,APAC,2021-12-18,932.70,smb
CUST-000444,Alina Cordova,alina.cordova@example.com,AMER,2025-06-10,1235.51,smb
CUST-000445,Farid Petrov,farid.petrov@example.org,AMER,2024-09-18,891.87,smb
CUST-000446,Zoran Rossi,zoran.rossi@example.net,AMER,2022-10-14,3300.00,midmarket
CUST-000447,Ulrich Vermeer,ulrich.vermeer@example.net,APAC,2021-07-16,1038.95,smb
CUST-000448,Sven Kowalski,sven.kowalski@example.net,AMER,2023-09-10,10518.95,midmarket
CUST-000449,Alina Rossi,alina.rossi@example.org,EMEA,2022-11-18,46835.60,enterprise
CUST-000450,Nils Schneider,nils.schneider@example.com,APAC,2024-11-02,525.59,smb
CUST-000451,Bruno Gruber,bruno.gruber@example.net,APAC,2024-06-22,8249.29,enterprise
CUST-000452,Ulrich Falk,ulrich.falk@example.org,APAC,2025-01-12,481.99,smb
CUST-000453,Jonas Halvorsen,jonas.halvorsen@example.com,EMEA,2024-09-16,10732.60,midmarket
CUST-000454,Rosa Jansen,rosa.jansen@example.com,APAC,2021-12-13,4611.44,midmarket
CUST-000455,Lars Adler,lars.adler@example.org,AMER,2022-03-13,492.35,smb
CUST-000456,Ines Rossi,ines.rossi@example.net,AMER,2024-05-21,14810.72,midmarket
CUST-000457,Quinn Vermeer,quinn.vermeer@example.org,APAC,2022-08-22,1559.18,smb
CUST-000458,Greta Schneider,greta.schneider@example.org,AMER,2025-12-17,5206.84,midmarket
CUST-000459,Ulrich Ivanov,ulrich.ivanov@example.com,EMEA,2024-08-10,4937.53,midmarket
CUST-000460,Piet Toivonen,piet.toivonen@example.org,APAC,2024-03-27,889.88,smb
CUST-000461,Alina Ivanov,alina.ivanov@example.net,APAC,2024-12-02,16368.73,midmarket
CUST-000462,Farid Eriksen,farid.eriksen@example.org,APAC,2023-10-02,3053.51,midmarket
CUST-000463,Zoran Schneider,zoran.schneider@example.com,APAC,2021-09-07,13405.97,midmarket
CUST-000464,Greta Halvorsen,greta.halvorsen@example.com,EMEA,2025-01-01,2252.82,smb
CUST-000465,Vera Dahl,vera.dahl@example.org,AMER,2024-07-07,2462.57,smb
CUST-000466,Dmitri Vermeer,dmitri.vermeer@example.com,EMEA,2021-09-12,917.15,smb
CUST-000467,Wim Jansen,wim.jansen@example.org,EMEA,2024-01-01,50474.19,enterprise
CUST-000468,Vera Dahl,vera.dahl@example.org,APAC,2022-04-11,53729.97,enterprise
CUST-000469,Zoran Lindqvist,zoran.lindqvist@example.net,EMEA,2022-07-09,8178.17,midmarket
CUST-000470,Ulrich Olsen,ulrich.olsen@example.com,EMEA,2024-07-30,49167.20,enterprise
CUST-000471,Wim Adler,wim.adler@example.org,AMER,2021-09-19,2656.05,smb
CUST-000472,Elif Kowalski,elif.kowalski@example.com,EMEA,2024-08-26,12015.88,midmarket
CUST-000473,Maja Vermeer,maja.vermeer@example.org,EMEA,2022-12-02,2221.36,smb
CUST-000474,Vera Lindqvist,vera.lindqvist@example.org,EMEA,2021-10-12,32823.91,enterprise
CUST-000475,Carla Olsen,carla.olsen@example.com,EMEA,2022-03-22,2258.15,smb
CUST-000476,Tessa Kowalski,tessa.kowalski@example.com,AMER,2023-04-17,940.59,smb
CUST-000477,Ulrich Novak,ulrich.novak@example.org,EMEA,2022-06-25,2975.80,smb
CUST-000478,Piet Cordova,piet.cordova@example.net,APAC,2022-08-19,15729.29,midmarket
CUST-000479,Alina Gruber,alina.gruber@example.com,EMEA,2023-12-03,72553.70,enterprise
CUST-000480,Hugo Jansen,hugo.jansen@example.org,AMER,2023-11-11,11570.24,midmarket
CUST-000481,Maja Dahl,maja.dahl@example.com,AMER,2023-06-10,1436.74,smb
CUST-000482,Farid Falk,farid.falk@example.com,EMEA,2024-03-01,16232.57,midmarket
CUST-000483,Quinn Lindqvist,quinn.lindqvist@example.com,APAC,2025-10-24,53737.25,enterprise
CUST-000484,Ines Olsen,ines.olsen@example.net,APAC,2025-01-12,59063.15,enterprise
CUST-000485,Dmitri Moreau,dmitri.moreau@example.org,APAC,2024-03-26,1525.52,smb
CUST-000486,Elif Rossi,elif.rossi@example.org,APAC,2025-09-19,3034.39,midmarket
CUST-000487,Nils Falk,nils.falk@example.com,AMER,2023-03-22,18589.81,enterprise
CUST-000488,Maja Lindqvist,maja.lindqvist@example.net,EMEA,2025-04-07,921.07,smb
CUST-000489,Zoran Olsen,zoran.olsen@example.com,AMER,2023-04-17,14485.83,enterprise
CUST-000490,Ines Adler,ines.adler@example.com,APAC,2024-12-26,746.11,smb
CUST-000491,Rosa Gruber,rosa.gruber@example.com,EMEA,2023-01-23,39927.72,enterprise
CUST-000492,Maja Dahl,maja.dahl@example.com,EMEA,2022-12-13,757.98,smb
CUST-000493,Vera Vermeer,vera.vermeer@example.net,AMER,2022-01-26,1185.77,smb
CUST-000494,Rosa Vermeer,rosa.vermeer@example.com,EMEA,2022-08-18,2466.60,smb
CUST-000495,Piet Olsen,piet.olsen@example.com,AMER,2022-01-31,12832.28,midmarket
CUST-000496,Greta Rossi,greta.rossi@example.com,AMER,2022-01-13,14925.29,midmarket
CUST-000497,Dmitri Bergmann,dmitri.bergmann@example.com,EMEA,2023-12-01,948.92,smb
CUST-000498,Ines Gruber,ines.gruber@example.net,EMEA,2024-11-27,7254.37,midmarket
CUST-000499,Olga Gruber,olga.gruber@example.net,APAC,2022-12-15,1026.86,smb
CUST-000500,Ines Novak,ines.novak@example.org,AMER,2024-09-18,71902.49,enterprise
CUST-000501,Elif Cordova,elif.cordova@example.com,EMEA,2024-07-26,1280.16,smb
CUST-000502,Bruno Cordova,bruno.cordova@example.org,APAC,2022-11-15,31145.40,enterprise
CUST-000503,Yara Halvorsen,yara.halvorsen@example.net,EMEA,2024-04-24,68273.19,enterprise
CUST-000504,Rosa Petrov,rosa.petrov@example.org,APAC,2024-12-08,1424.17,smb
CUST-000505,Hugo Toivonen,hugo.toivonen@example.net,AMER,2022-12-27,4138.48,midmarket
CUST-000506,Ines Novak,ines.novak@example.com,AMER,2024-01-01,9660.20,enterprise
CUST-000507,Wim Jansen,wim.jansen@example.org,AMER,2024-01-03,58079.30,enterprise
CUST-000508,Maja Falk,maja.falk@example.com,APAC,2022-10-22,26861.11,enterprise
CUST-000509,Nils Dahl,nils.dahl@example.com,AMER,2022-04-02,775.39,smb
CUST-000510,Jonas Vermeer,jonas.vermeer@example.net,AMER,2022-01-10,7016.22,midmarket
CUST-000511,Greta Schneider,greta.schneider@example.com,APAC,2024-04-11,58599.85,enterprise
CUST-000512,Hugo Bergmann,hugo.bergmann@example.net,AMER,2024-11-20,8228.74,enterprise
CUST-000513,Alina Gruber,alina.gruber@example.net,AMER,2024-11-10,1668.85,smb
CUST-000514,Lars Olsen,lars.olsen@example.net,AMER,2024-11-02,12112.22,midmarket
CUST-000515,Piet Schneider,piet.schneider@example.org,EMEA,2023-02-01,51022.58,enterprise
CUST-000516,Greta Ivanov,greta.ivanov@example.com,EMEA,2022-10-29,6398.51,midmarket
CUST-000517,Kira Novak,kira.novak@example.org,APAC,2023-02-10,3738.58,midmarket
CUST-000518,Quinn Adler,quinn.adler@example.org,EMEA,2021-02-17,12156.59,midmarket
CUST-000519,Maja Rossi,maja.rossi@example.org,EMEA,2021-08-13,17610.62,midmarket
CUST-000520,Ines Petrov,ines.petrov@example.com,AMER,2022-07-25,56749.90,enterprise
CUST-000521,Jonas Petrov,jonas.petrov@example.org,APAC,2025-05-29,1070.25,smb
CUST-000522,Farid Dahl,farid.dahl@example.org,APAC,2023-09-23,13435.04,midmarket
CUST-000523,Maja Kowalski,maja.kowalski@example.com,EMEA,2023-11-02,6004.92,midmarket
CUST-000524,Sven Rossi,sven.rossi@example.net,EMEA,2023-08-03,2107.92,smb
CUST-000525,Tessa Olsen,tessa.olsen@example.com,EMEA,2023-11-30,49784.35,enterprise
CUST-000526,Tessa Schneider,tessa.schneider@example.com,APAC,2025-01-10,67058.40,enterprise
CUST-000527,Zoran Falk,zoran.falk@example.com,AMER,2025-08-20,69413.94,enterprise
CUST-000528,Wim Gruber,wim.gruber@example.net,APAC,2022-12-29,2004.22,midmarket
CUST-000529,Bruno Gruber,bruno.gruber@example.com,AMER,2024-08-15,75551.88,enterprise
CUST-000530,Vera Bergmann,vera.bergmann@example.net,EMEA,2021-04-02,47313.33,enterprise
CUST-000531,Kira Cordova,kira.cordova@example.com,APAC,2024-06-25,700.36,smb
CUST-000532,Tessa Gruber,tessa.gruber@example.com,EMEA,2023-10-21,2200.20,smb
CUST-000533,Ulrich Kowalski,ulrich.kowalski@example.com,EMEA,2022-12-20,3432.40,midmarket
CUST-000534,Ulrich Kowalski,ulrich.kowalski@example.org,AMER,2021-09-20,397.22,smb
CUST-000535,Tessa Schneider,tessa.schneider@example.org,AMER,2022-10-31,2781.72,smb
CUST-000536,Greta Rossi,greta.rossi@example.org,EMEA,2025-09-23,432.99,smb
CUST-000537,Hugo Bergmann,hugo.bergmann@example.com,AMER,2022-05-15,4758.93,midmarket
CUST-000538,Piet Rossi,piet.rossi@example.com,EMEA,2021-05-13,12124.88,midmarket
CUST-000539,Ines Olsen,ines.olsen@example.com,APAC,2025-06-05,8652.60,midmarket
CUST-000540,Tessa Falk,tessa.falk@example.org,AMER,2022-09-12,78842.40,enterprise
CUST-000541,Vera Kowalski,vera.kowalski@example.com,EMEA,2021-02-01,51549.37,enterprise
CUST-000542,Yara Ivanov,yara.ivanov@example.org,EMEA,2021-02-14,17930.52,midmarket
CUST-000543,Rosa Lindqvist,rosa.lindqvist@example.org,EMEA,2021-10-28,44770.28,enterprise
CUST-000544,Lars Falk,lars.falk@example.net,EMEA,2022-04-09,22757.48,enterprise
CUST-000545,Quinn Cordova,quinn.cordova@example.net,EMEA,2021-02-05,733.34,smb
CUST-000546,Ines Cordova,ines.cordova@example.org,APAC,2022-01-17,11124.07,enterprise
CUST-000547,Tessa Lindqvist,tessa.lindqvist@example.com,APAC,2021-12-14,53871.73,enterprise
CUST-000548,Wim Kowalski,wim.kowalski@example.org,AMER,2025-05-16,15731.96,midmarket
CUST-000549,Lars Vermeer,lars.vermeer@example.net,AMER,2024-09-26,35149.53,enterprise
CUST-000550,Dmitri Vermeer,dmitri.vermeer@example.org,EMEA,2025-04-10,15705.43,enterprise
CUST-000551,Olga Vermeer,olga.vermeer@example.com,EMEA,2024-10-12,6094.49,midmarket
CUST-000552,Rosa Kowalski,rosa.kowalski@example.org,EMEA,2021-02-04,22585.91,enterprise
CUST-000553,Sven Eriksen,sven.eriksen@example.com,EMEA,2023-05-14,8190.10,midmarket
CUST-000554,Maja Lindqvist,maja.lindqvist@example.net,EMEA,2023-12-31,48336.68,enterprise
CUST-000555,Kira Bergmann,kira.bergmann@example.com,AMER,2022-07-23,75202.22,enterprise
CUST-000556,Kira Lindqvist,kira.lindqvist@example.org,EMEA,2021-07-21,2896.27,smb
CUST-000557,Farid Cordova,farid.cordova@example.com,EMEA,2022-08-09,9919.48,midmarket
CUST-000558,Carla Moreau,carla.moreau@example.com,AMER,2023-12-10,10571.86,midmarket
CUST-000559,Elif Novak,elif.novak@example.org,EMEA,2025-06-24,21815.15,enterprise
CUST-000560,Zoran Cordova,zoran.cordova@example.net,EMEA,2021-11-04,7334.67,midmarket
CUST-000561,Quinn Schneider,quinn.schneider@example.net,EMEA,2024-05-04,12625.77,enterprise
CUST-000562,Jonas Gruber,jonas.gruber@example.com,AMER,2024-06-02,1480.03,smb
CUST-000563,Ines Rossi,ines.rossi@example.org,AMER,2022-09-22,22870.12,enterprise
CUST-000564,Zoran Gruber,zoran.gruber@example.net,EMEA,2021-09-24,564.80,smb
CUST-000565,Carla Lindqvist,carla.lindqvist@example.net,APAC,2024-09-28,64930.33,enterprise
CUST-000566,Rosa Ivanov,rosa.ivanov@example.com,APAC,2024-08-15,445.37,smb
CUST-000567,Jonas Dahl,jonas.dahl@example.org,AMER,2024-01-11,15912.22,enterprise
CUST-000568,Hugo Cordova,hugo.cordova@example.net,AMER,2022-06-02,4086.30,midmarket
CUST-000569,Zoran Bergmann,zoran.bergmann@example.com,AMER,2022-06-07,1763.39,smb
CUST-000570,Olga Dahl,olga.dahl@example.net,APAC,2022-04-24,4548.91,midmarket
CUST-000571,Olga Jansen,olga.jansen@example.com,APAC,2025-08-09,8199.10,midmarket
CUST-000572,Nils Novak,nils.novak@example.com,APAC,2024-10-04,67908.18,enterprise
CUST-000573,Nils Halvorsen,nils.halvorsen@example.org,EMEA,2023-10-06,53949.36,enterprise
CUST-000574,Maja Petrov,maja.petrov@example.net,APAC,2025-03-07,79548.63,enterprise
CUST-000575,Lars Jansen,lars.jansen@example.net,AMER,2022-12-05,9249.91,midmarket
CUST-000576,Dmitri Dahl,dmitri.dahl@example.net,APAC,2021-05-19,47681.59,enterprise
CUST-000577,Piet Rossi,piet.rossi@example.com,EMEA,2021-02-06,78173.04,enterprise
CUST-000578,Rosa Bergmann,rosa.bergmann@example.com,EMEA,2024-09-09,51816.10,enterprise
CUST-000579,Greta Toivonen,greta.toivonen@example.com,APAC,2022-11-06,11621.89,enterprise
CUST-000580,Alina Gruber,alina.gruber@example.org,AMER,2021-10-05,49246.60,enterprise
CUST-000581,Elif Ivanov,elif.ivanov@example.net,EMEA,2022-12-29,14058.91,midmarket
CUST-000582,Hugo Cordova,hugo.cordova@example.net,AMER,2025-01-19,19324.49,enterprise
CUST-000583,Piet Falk,piet.falk@example.com,APAC,2022-03-29,8777.43,midmarket
CUST-000584,Vera Cordova,vera.cordova@example.net,EMEA,2021-11-09,56030.60,enterprise
CUST-000585,Carla Ivanov,carla.ivanov@example.net,APAC,2024-02-14,19722.01,enterprise
CUST-000586,Elif Petrov,elif.petrov@example.net,EMEA,2021-04-20,5912.95,midmarket
CUST-000587,Bruno Toivonen,bruno.toivonen@example.org,EMEA,2022-01-20,33076.07,enterprise
CUST-000588,Alina Olsen,alina.olsen@example.net,AMER,2021-04-01,5543.63,midmarket
CUST-000589,Olga Gruber,olga.gruber@example.com,AMER,2022-06-17,49802.04,enterprise
CUST-000590,Sven Schneider,sven.schneider@example.net,APAC,2023-02-12,2463.11,smb
CUST-000591,Greta Toivonen,greta.toivonen@example.net,EMEA,2022-10-24,2799.07,smb
CUST-000592,Quinn Petrov,quinn.petrov@example.org,EMEA,2023-02-21,2170.07,smb
CUST-000593,Greta Toivonen,greta.toivonen@example.org,APAC,2022-10-24,13380.43,midmarket
CUST-000594,Bruno Dahl,bruno.dahl@example.com,APAC,2025-02-15,2059.87,midmarket
CUST-000595,Vera Eriksen,vera.eriksen@example.org,EMEA,2023-07-19,52268.29,enterprise
CUST-000596,Sven Bergmann,sven.bergmann@example.org,APAC,2023-10-25,3143.42,midmarket
CUST-000597,Quinn Bergmann,quinn.bergmann@example.net,APAC,2023-04-15,894.90,smb
CUST-000598,Zoran Olsen,zoran.olsen@example.net,AMER,2024-05-07,16454.62,enterprise
CUST-000599,Vera Jansen,vera.jansen@example.org,APAC,2022-02-22,28254.88,enterprise
CUST-000600,Alina Toivonen,alina.toivonen@example.com,EMEA,2022-02-17,1083.71,smb
CUST-000601,Carla Novak,carla.novak@example.net,AMER,2025-09-10,73375.09,enterprise
CUST-000602,Ines Toivonen,ines.toivonen@example.com,APAC,2021-09-17,2034.59,smb
CUST-000603,Ines Halvorsen,ines.halvorsen@example.com,EMEA,2025-01-05,1970.24,smb
CUST-000604,Zoran Petrov,zoran.petrov@example.net,EMEA,2021-12-08,1300.56,smb
CUST-000605,Farid Vermeer,farid.vermeer@example.net,APAC,2022-08-25,76251.32,enterprise
CUST-000606,Dmitri Rossi,dmitri.rossi@example.org,EMEA,2022-02-27,914.63,smb
CUST-000607,Hugo Jansen,hugo.jansen@example.org,EMEA,2024-04-22,78375.72,enterprise
CUST-000608,Bruno Gruber,bruno.gruber@example.org,APAC,2024-07-11,15152.38,midmarket
CUST-000609,Dmitri Dahl,dmitri.dahl@example.org,APAC,2025-01-05,75808.90,enterprise
CUST-000610,Yara Olsen,yara.olsen@example.net,AMER,2025-07-21,6255.79,midmarket
CUST-000611,Hugo Olsen,hugo.olsen@example.org,APAC,2022-11-17,42859.80,enterprise
CUST-000612,Vera Dahl,vera.dahl@example.net,APAC,2021-12-01,16431.78,midmarket
CUST-000613,Farid Lindqvist,farid.lindqvist@example.com,EMEA,2024-09-14,30911.00,enterprise
CUST-000614,Maja Kowalski,maja.kowalski@example.com,AMER,2023-08-02,2175.86,smb
CUST-000615,Sven Petrov,sven.petrov@example.com,EMEA,2023-03-22,17632.95,midmarket
CUST-000616,Alina Toivonen,alina.toivonen@example.net,AMER,2024-06-04,1856.33,smb
CUST-000617,Elif Falk,elif.falk@example.org,APAC,2022-08-14,71866.87,enterprise
CUST-000618,Kira Dahl,kira.dahl@example.com,APAC,2022-04-12,1516.51,smb
CUST-000619,Sven Falk,sven.falk@example.net,EMEA,2023-11-16,1176.01,smb
CUST-000620,Ines Petrov,ines.petrov@example.net,AMER,2021-09-01,2164.86,smb
CUST-000621,Farid Toivonen,farid.toivonen@example.org,EMEA,2023-02-10,2678.51,smb
CUST-000622,Piet Cordova,piet.cordova@example.net,APAC,2025-04-03,24634.94,enterprise
CUST-000623,Vera Dahl,vera.dahl@example.net,EMEA,2021-08-18,2697.73,smb
CUST-000624,Bruno Olsen,bruno.olsen@example.com,APAC,2021-07-28,27756.37,enterprise
CUST-000625,Hugo Gruber,hugo.gruber@example.net,AMER,2022-07-20,5668.02,midmarket
CUST-000626,Vera Dahl,vera.dahl@example.org,EMEA,2023-10-10,1858.53,smb
CUST-000627,Sven Toivonen,sven.toivonen@example.org,AMER,2021-08-22,594.36,smb
CUST-000628,Piet Eriksen,piet.eriksen@example.net,EMEA,2023-08-09,1874.54,smb
CUST-000629,Jonas Toivonen,jonas.toivonen@example.net,EMEA,2022-07-28,16185.51,enterprise
CUST-000630,Dmitri Toivonen,dmitri.toivonen@example.com,EMEA,2023-01-18,1805.58,smb
CUST-000631,Dmitri Jansen,dmitri.jansen@example.com,AMER,2024-09-08,14766.92,enterprise
CUST-000632,Nils Moreau,nils.moreau@example.org,APAC,2024-08-13,66218.51,enterprise
CUST-000633,Quinn Olsen,quinn.olsen@example.com,EMEA,2021-05-15,512.00,smb
CUST-000634,Bruno Olsen,bruno.olsen@example.org,AMER,2022-04-11,15084.60,midmarket
CUST-000635,Olga Halvorsen,olga.halvorsen@example.org,APAC,2025-03-29,6293.48,midmarket
CUST-000636,Ines Toivonen,ines.toivonen@example.net,APAC,2025-07-31,14758.55,midmarket
CUST-000637,Elif Jansen,elif.jansen@example.com,EMEA,2021-11-30,16030.48,midmarket
CUST-000638,Rosa Halvorsen,rosa.halvorsen@example.org,AMER,2024-09-27,2115.16,smb
CUST-000639,Elif Falk,elif.falk@example.org,AMER,2022-06-29,2957.16,smb
CUST-000640,Ulrich Jansen,ulrich.jansen@example.com,AMER,2022-09-30,2939.67,smb
CUST-000641,Quinn Falk,quinn.falk@example.com,AMER,2022-05-24,72636.15,enterprise
CUST-000642,Greta Kowalski,greta.kowalski@example.com,AMER,2023-08-15,2813.81,smb
CUST-000643,Tessa Falk,tessa.falk@example.org,EMEA,2022-07-23,9612.57,midmarket
CUST-000644,Carla Bergmann,carla.bergmann@example.net,EMEA,2024-08-23,54444.45,enterprise
CUST-000645,Nils Toivonen,nils.toivonen@example.net,AMER,2025-07-21,15173.61,enterprise
CUST-000646,Carla Olsen,carla.olsen@example.net,APAC,2025-08-28,576.76,smb
CUST-000647,Piet Lindqvist,piet.lindqvist@example.net,EMEA,2025-07-15,52081.31,enterprise
CUST-000648,Elif Vermeer,elif.vermeer@example.net,EMEA,2021-07-14,9267.66,enterprise
CUST-000649,Bruno Jansen,bruno.jansen@example.org,EMEA,2021-02-10,41100.15,enterprise
CUST-000650,Olga Schneider,olga.schneider@example.com,AMER,2021-04-29,12948.76,midmarket
CUST-000651,Lars Gruber,lars.gruber@example.org,AMER,2025-03-31,802.93,smb
CUST-000652,Tessa Eriksen,tessa.eriksen@example.net,EMEA,2023-01-12,18062.34,enterprise
CUST-000653,Olga Gruber,olga.gruber@example.org,AMER,2023-01-22,79434.18,enterprise
CUST-000654,Elif Bergmann,elif.bergmann@example.org,EMEA,2024-08-25,32334.57,enterprise
CUST-000655,Greta Falk,greta.falk@example.org,APAC,2025-04-27,2509.38,smb
CUST-000656,Sven Petrov,sven.petrov@example.com,AMER,2022-08-09,566.70,smb
CUST-000657,Maja Bergmann,maja.bergmann@example.org,EMEA,2025-08-26,1989.02,smb
CUST-000658,Wim Rossi,wim.rossi@example.net,EMEA,2022-08-10,2635.58,smb
CUST-000659,Rosa Kowalski,rosa.kowalski@example.net,APAC,2022-04-21,2122.64,smb
CUST-000660,Quinn Jansen,quinn.jansen@example.net,EMEA,2022-08-10,16157.99,midmarket
CUST-000661,Hugo Moreau,hugo.moreau@example.com,AMER,2025-10-22,79095.73,enterprise
CUST-000662,Greta Gruber,greta.gruber@example.com,EMEA,2024-12-25,2782.13,smb
CUST-000663,Alina Kowalski,alina.kowalski@example.com,EMEA,2024-12-23,2659.54,smb
CUST-000664,Piet Schneider,piet.schneider@example.org,APAC,2023-04-11,418.29,smb
CUST-000665,Vera Eriksen,vera.eriksen@example.net,AMER,2025-04-02,2778.09,smb
CUST-000666,Dmitri Toivonen,dmitri.toivonen@example.com,APAC,2024-09-11,919.23,smb
CUST-000667,Rosa Halvorsen,rosa.halvorsen@example.net,APAC,2024-05-10,803.41,smb
CUST-000668,Lars Kowalski,lars.kowalski@example.com,AMER,2023-07-14,6354.62,midmarket
CUST-000669,Ines Falk,ines.falk@example.com,EMEA,2022-06-12,5507.59,midmarket
CUST-000670,Greta Gruber,greta.gruber@example.com,AMER,2021-03-16,4626.03,midmarket
CUST-000671,Nils Petrov,nils.petrov@example.com,EMEA,2022-07-14,14787.98,midmarket
CUST-000672,Sven Toivonen,sven.toivonen@example.com,EMEA,2024-02-23,2233.24,smb
CUST-000673,Elif Ivanov,elif.ivanov@example.org,EMEA,2023-10-12,31628.19,enterprise
CUST-000674,Farid Vermeer,farid.vermeer@example.net,APAC,2025-01-29,2321.01,smb
CUST-000675,Olga Moreau,olga.moreau@example.org,AMER,2024-01-25,2288.10,smb
CUST-000676,Carla Ivanov,carla.ivanov@example.com,APAC,2023-12-27,528.79,smb
CUST-000677,Elif Adler,elif.adler@example.org,EMEA,2024-11-14,2859.04,smb
CUST-000678,Vera Kowalski,vera.kowalski@example.net,APAC,2024-02-11,8801.15,midmarket
CUST-000679,Farid Gruber,farid.gruber@example.net,EMEA,2022-10-23,8920.17,midmarket
CUST-000680,Zoran Toivonen,zoran.toivonen@example.net,EMEA,2024-03-17,962.16,smb
CUST-000681,Tessa Cordova,tessa.cordova@example.net,APAC,2023-10-31,16788.24,midmarket
CUST-000682,Jonas Gruber,jonas.gruber@example.com,AMER,2023-04-20,5458.23,midmarket
CUST-000683,Rosa Ivanov,rosa.ivanov@example.org,EMEA,2025-01-12,4066.03,midmarket
CUST-000684,Elif Schneider,elif.schneider@example.org,EMEA,2024-04-03,17137.91,midmarket
CUST-000685,Quinn Vermeer,quinn.vermeer@example.org,APAC,2021-04-15,12041.68,enterprise
CUST-000686,Jonas Lindqvist,jonas.lindqvist@example.org,AMER,2023-04-10,351.13,smb
CUST-000687,Alina Novak,alina.novak@example.org,APAC,2024-06-13,17747.34,midmarket
CUST-000688,Tessa Ivanov,tessa.ivanov@example.com,AMER,2025-09-26,15642.79,midmarket
CUST-000689,Yara Vermeer,yara.vermeer@example.com,APAC,2021-04-11,14652.38,midmarket
CUST-000690,Bruno Jansen,bruno.jansen@example.com,AMER,2024-11-24,2559.23,smb
CUST-000691,Zoran Dahl,zoran.dahl@example.net,APAC,2023-06-12,9354.80,midmarket
CUST-000692,Ulrich Toivonen,ulrich.toivonen@example.org,AMER,2024-01-11,8591.47,midmarket
CUST-000693,Vera Olsen,vera.olsen@example.org,APAC,2021-08-02,504.28,smb
CUST-000694,Ulrich Cordova,ulrich.cordova@example.org,EMEA,2025-12-09,20172.67,enterprise
CUST-000695,Sven Moreau,sven.moreau@example.org,AMER,2022-04-28,9559.84,midmarket
CUST-000696,Wim Rossi,wim.rossi@example.net,APAC,2025-10-23,37888.11,enterprise
CUST-000697,Sven Ivanov,sven.ivanov@example.com,AMER,2022-11-09,2882.91,midmarket
CUST-000698,Rosa Cordova,rosa.cordova@example.org,AMER,2023-11-07,788.07,smb
CUST-000699,Ulrich Novak,ulrich.novak@example.com,AMER,2022-12-08,16959.60,midmarket
CUST-000700,Bruno Toivonen,bruno.toivonen@example.net,AMER,2023-11-01,50840.25,enterprise
CUST-000701,Hugo Gruber,hugo.gruber@example.net,EMEA,2023-01-21,1003.46,smb
CUST-000702,Rosa Rossi,rosa.rossi@example.net,EMEA,2025-11-10,658.80,smb
CUST-000703,Tessa Eriksen,tessa.eriksen@example.org,AMER,2023-01-17,11523.49,midmarket
CUST-000704,Maja Moreau,maja.moreau@example.org,EMEA,2024-12-01,65825.12,enterprise
CUST-000705,Olga Kowalski,olga.kowalski@example.org,APAC,2023-12-26,72091.68,enterprise
CUST-000706,Olga Kowalski,olga.kowalski@example.org,AMER,2023-11-07,15325.90,midmarket
CUST-000707,Rosa Olsen,rosa.olsen@example.net,APAC,2025-11-03,9876.67,midmarket
CUST-000708,Olga Lindqvist,olga.lindqvist@example.com,APAC,2022-02-17,14437.07,midmarket
CUST-000709,Yara Moreau,yara.moreau@example.org,AMER,2022-06-24,78296.07,enterprise
CUST-000710,Bruno Bergmann,bruno.bergmann@example.net,AMER,2022-02-23,69689.96,enterprise
CUST-000711,Lars Toivonen,lars.toivonen@example.com,AMER,2022-01-21,9360.11,midmarket
CUST-000712,Elif Jansen,elif.jansen@example.org,EMEA,2024-03-23,1931.10,smb
CUST-000713,Kira Bergmann,kira.bergmann@example.com,EMEA,2025-02-03,2564.13,smb
CUST-000714,Sven Schneider,sven.schneider@example.com,EMEA,2022-09-26,41442.00,enterprise
CUST-000715,Jonas Moreau,jonas.moreau@example.net,APAC,2022-05-21,8587.90,midmarket
CUST-000716,Olga Jansen,olga.jansen@example.com,AMER,2022-08-20,378.02,smb
CUST-000717,Alina Bergmann,alina.bergmann@example.org,EMEA,2021-06-09,9032.02,midmarket
CUST-000718,Elif Ivanov,elif.ivanov@example.com,AMER,2021-10-16,9189.65,midmarket
CUST-000719,Tessa Petrov,tessa.petrov@example.net,EMEA,2023-01-26,13891.10,enterprise
CUST-000720,Wim Novak,wim.novak@example.net,EMEA,2024-10-28,474.11,smb
CUST-000721,Wim Schneider,wim.schneider@example.net,AMER,2021-02-27,13989.65,enterprise
CUST-000722,Dmitri Halvorsen,dmitri.halvorsen@example.com,APAC,2022-08-05,346.61,smb
CUST-000723,Lars Novak,lars.novak@example.com,APAC,2024-01-19,23619.85,enterprise
CUST-000724,Wim Moreau,wim.moreau@example.org,AMER,2024-03-18,28520.30,enterprise
CUST-000725,Sven Lindqvist,sven.lindqvist@example.net,AMER,2022-05-28,66263.26,enterprise
CUST-000726,Tessa Lindqvist,tessa.lindqvist@example.org,AMER,2021-11-04,1623.33,smb
CUST-000727,Kira Schneider,kira.schneider@example.net,AMER,2025-11-30,12137.61,midmarket
CUST-000728,Quinn Toivonen,quinn.toivonen@example.net,EMEA,2023-04-08,1453.96,smb
CUST-000729,Dmitri Moreau,dmitri.moreau@example.org,EMEA,2023-06-28,1656.22,smb
CUST-000730,Jonas Moreau,jonas.moreau@example.com,EMEA,2022-12-30,61244.72,enterprise
CUST-000731,Piet Vermeer,piet.vermeer@example.net,EMEA,2021-08-23,11437.19,midmarket
CUST-000732,Olga Lindqvist,olga.lindqvist@example.net,AMER,2022-01-13,49538.33,enterprise
CUST-000733,Greta Jansen,greta.jansen@example.net,APAC,2023-03-24,16625.83,midmarket
CUST-000734,Greta Moreau,greta.moreau@example.com,AMER,2022-05-02,2712.68,smb
CUST-000735,Hugo Jansen,hugo.jansen@example.net,APAC,2023-11-15,33842.62,enterprise
CUST-000736,Quinn Moreau,quinn.moreau@example.org,AMER,2025-06-28,1168.00,smb
CUST-000737,Lars Moreau,lars.moreau@example.net,AMER,2024-10-20,571.98,smb
CUST-000738,Rosa Cordova,rosa.cordova@example.net,APAC,2023-12-30,19169.92,enterprise
CUST-000739,Yara Eriksen,yara.eriksen@example.org,APAC,2022-03-23,1110.09,smb
CUST-000740,Zoran Moreau,zoran.moreau@example.com,AMER,2022-07-08,15611.98,enterprise
CUST-000741,Elif Petrov,elif.petrov@example.net,EMEA,2024-02-09,35300.42,enterprise
CUST-000742,Lars Halvorsen,lars.halvorsen@example.org,EMEA,2024-08-20,1225.93,smb
CUST-000743,Carla Jansen,carla.jansen@example.org,EMEA,2021-08-17,5890.72,midmarket
CUST-000744,Hugo Halvorsen,hugo.halvorsen@example.com,AMER,2022-02-23,2811.15,smb
CUST-000745,Quinn Dahl,quinn.dahl@example.org,EMEA,2023-01-31,2047.64,smb
CUST-000746,Lars Halvorsen,lars.halvorsen@example.net,EMEA,2025-09-17,7204.56,midmarket
CUST-000747,Hugo Petrov,hugo.petrov@example.net,EMEA,2023-02-10,50901.77,enterprise
CUST-000748,Zoran Adler,zoran.adler@example.org,AMER,2024-03-28,2418.23,midmarket
CUST-000749,Alina Toivonen,alina.toivonen@example.net,APAC,2024-08-11,73160.93,enterprise
CUST-000750,Wim Eriksen,wim.eriksen@example.com,AMER,2023-12-27,12241.23,midmarket
CUST-000751,Hugo Rossi,hugo.rossi@example.net,EMEA,2024-06-16,1892.64,smb
CUST-000752,Vera Eriksen,vera.eriksen@example.net,AMER,2024-11-05,36503.75,enterprise
CUST-000753,Vera Rossi,vera.rossi@example.net,APAC,2022-03-11,53565.96,enterprise
CUST-000754,Alina Vermeer,alina.vermeer@example.org,AMER,2023-03-07,15585.19,midmarket
CUST-000755,Greta Petrov,greta.petrov@example.com,AMER,2025-01-13,50305.53,enterprise
CUST-000756,Alina Cordova,alina.cordova@example.net,AMER,2025-03-10,9952.05,midmarket
CUST-000757,Hugo Eriksen,hugo.eriksen@example.org,APAC,2022-04-25,45872.65,enterprise
CUST-000758,Elif Rossi,elif.rossi@example.net,EMEA,2023-10-02,52085.12,enterprise
CUST-000759,Rosa Halvorsen,rosa.halvorsen@example.org,EMEA,2025-06-26,2381.31,smb
CUST-000760,Alina Moreau,alina.moreau@example.com,AMER,2021-03-20,25901.93,enterprise
CUST-000761,Elif Moreau,elif.moreau@example.net,AMER,2025-09-27,2551.57,smb
CUST-000762,Piet Moreau,piet.moreau@example.org,AMER,2021-01-12,2769.27,smb
CUST-000763,Zoran Novak,zoran.novak@example.com,AMER,2021-10-20,9412.63,enterprise
CUST-000764,Rosa Novak,rosa.novak@example.com,APAC,2021-04-20,2399.95,smb
CUST-000765,Wim Olsen,wim.olsen@example.org,APAC,2024-11-10,1883.60,smb
CUST-000766,Olga Falk,olga.falk@example.org,EMEA,2025-04-30,471.04,smb
CUST-000767,Wim Moreau,wim.moreau@example.com,EMEA,2021-05-22,64332.26,enterprise
CUST-000768,Dmitri Dahl,dmitri.dahl@example.com,EMEA,2023-04-24,48636.65,enterprise
CUST-000769,Ines Jansen,ines.jansen@example.org,EMEA,2022-02-18,601.76,smb
CUST-000770,Elif Rossi,elif.rossi@example.org,AMER,2023-06-07,2799.73,smb
CUST-000771,Hugo Petrov,hugo.petrov@example.com,EMEA,2022-01-31,2976.09,smb
CUST-000772,Hugo Bergmann,hugo.bergmann@example.com,AMER,2023-01-01,52675.64,enterprise
CUST-000773,Farid Gruber,farid.gruber@example.com,APAC,2021-10-21,1053.43,smb
CUST-000774,Farid Gruber,farid.gruber@example.org,AMER,2021-05-24,2942.51,smb
CUST-000775,Greta Falk,greta.falk@example.net,APAC,2022-11-13,10484.14,midmarket
CUST-000776,Zoran Cordova,zoran.cordova@example.org,AMER,2025-05-30,1912.59,smb
CUST-000777,Ulrich Novak,ulrich.novak@example.net,AMER,2021-04-20,15802.14,midmarket
CUST-000778,Olga Falk,olga.falk@example.net,AMER,2023-03-17,2554.50,smb
CUST-000779,Lars Lindqvist,lars.lindqvist@example.org,EMEA,2022-03-23,60448.35,enterprise
CUST-000780,Greta Petrov,greta.petrov@example.org,APAC,2024-12-08,712.59,smb
CUST-000781,Zoran Kowalski,zoran.kowalski@example.org,AMER,2025-05-25,10843.01,midmarket
CUST-000782,Jonas Dahl,jonas.dahl@example.net,AMER,2025-07-05,2684.97,smb
CUST-000783,Elif Olsen,elif.olsen@example.org,APAC,2024-08-12,13296.30,midmarket
CUST-000784,Carla Eriksen,carla.eriksen@example.org,AMER,2025-04-02,5454.12,midmarket
CUST-000785,Bruno Lindqvist,bruno.lindqvist@example.org,AMER,2024-02-28,2182.40,smb
CUST-000786,Quinn Schneider,quinn.schneider@example.net,AMER,2025-06-30,2709.79,smb
CUST-000787,Dmitri Kowalski,dmitri.kowalski@example.org,AMER,2021-08-31,2401.14,smb
CUST-000788,Wim Bergmann,wim.bergmann@example.org,EMEA,2024-04-19,1847.28,smb
CUST-000789,Farid Novak,farid.novak@example.com,APAC,2022-02-23,4042.18,midmarket
CUST-000790,Quinn Adler,quinn.adler@example.com,AMER,2022-03-22,1233.64,smb
CUST-000791,Bruno Petrov,bruno.petrov@example.net,EMEA,2024-02-16,33200.31,enterprise
CUST-000792,Lars Petrov,lars.petrov@example.com,AMER,2023-02-23,8705.57,midmarket
CUST-000793,Yara Kowalski,yara.kowalski@example.com,AMER,2025-01-21,2284.89,smb
CUST-000794,Ines Lindqvist,ines.lindqvist@example.net,AMER,2021-09-15,16542.89,midmarket
CUST-000795,Vera Gruber,vera.gruber@example.com,APAC,2022-02-14,17113.09,midmarket
CUST-000796,Kira Eriksen,kira.eriksen@example.net,EMEA,2023-05-27,3509.63,midmarket
CUST-000797,Farid Ivanov,farid.ivanov@example.org,AMER,2024-10-26,51810.44,enterprise
CUST-000798,Farid Schneider,farid.schneider@example.com,APAC,2025-11-13,1039.06,smb
CUST-000799,Bruno Jansen,bruno.jansen@example.com,EMEA,2025-01-25,12090.72,enterprise
CUST-000800,Yara Adler,yara.adler@example.net,APAC,2024-05-13,57264.02,enterprise
CUST-000801,Zoran Rossi,zoran.rossi@example.org,AMER,2023-10-17,14031.07,enterprise
CUST-000802,Vera Vermeer,vera.vermeer@example.net,EMEA,2024-08-14,5685.09,midmarket
CUST-000803,Rosa Lindqvist,rosa.lindqvist@example.org,AMER,2021-06-10,38762.18,enterprise
CUST-000804,Dmitri Dahl,dmitri.dahl@example.net,EMEA,2023-05-16,859.57,smb
CUST-000805,Rosa Novak,rosa.novak@example.net,EMEA,2022-03-31,17534.73,midmarket
CUST-000806,Zoran Adler,zoran.adler@example.net,APAC,2025-08-15,26377.08,enterprise
CUST-000807,Ines Cordova,ines.cordova@example.com,EMEA,2024-02-01,27548.24,enterprise
CUST-000808,Jonas Falk,jonas.falk@example.com,EMEA,2024-12-24,990.66,smb
CUST-000809,Alina Moreau,alina.moreau@example.net,APAC,2023-08-17,9608.04,midmarket
CUST-000810,Jonas Gruber,jonas.gruber@example.com,EMEA,2023-04-08,645.42,smb
CUST-000811,Greta Vermeer,greta.vermeer@example.org,AMER,2025-01-29,977.20,smb
CUST-000812,Dmitri Moreau,dmitri.moreau@example.net,EMEA,2022-04-20,7338.87,midmarket
CUST-000813,Piet Rossi,piet.rossi@example.net,APAC,2024-10-17,15840.91,midmarket
CUST-000814,Elif Novak,elif.novak@example.net,APAC,2023-07-24,11834.01,midmarket
CUST-000815,Sven Gruber,sven.gruber@example.org,EMEA,2025-06-20,40479.26,enterprise
CUST-000816,Greta Rossi,greta.rossi@example.com,EMEA,2022-12-15,14462.20,midmarket
CUST-000817,Maja Schneider,maja.schneider@example.net,AMER,2025-01-29,1172.85,smb
CUST-000818,Yara Rossi,yara.rossi@example.org,EMEA,2023-09-19,75807.73,enterprise
CUST-000819,Lars Jansen,lars.jansen@example.org,APAC,2022-07-18,5294.17,midmarket
CUST-000820,Kira Novak,kira.novak@example.com,EMEA,2025-01-08,16907.72,enterprise
CUST-000821,Farid Petrov,farid.petrov@example.net,APAC,2025-10-14,8168.68,midmarket
CUST-000822,Piet Ivanov,piet.ivanov@example.com,AMER,2024-01-25,57253.90,enterprise
CUST-000823,Hugo Gruber,hugo.gruber@example.com,APAC,2025-10-07,2790.39,smb
CUST-000824,Sven Petrov,sven.petrov@example.com,APAC,2023-07-07,44147.73,enterprise
CUST-000825,Lars Moreau,lars.moreau@example.com,AMER,2024-07-01,45659.83,enterprise
CUST-000826,Elif Adler,elif.adler@example.net,APAC,2025-05-04,2260.81,midmarket
CUST-000827,Rosa Novak,rosa.novak@example.net,AMER,2024-07-19,6024.63,midmarket
CUST-000828,Elif Eriksen,elif.eriksen@example.com,EMEA,2021-08-06,65331.30,enterprise
CUST-000829,Yara Halvorsen,yara.halvorsen@example.net,EMEA,2022-11-12,5140.05,midmarket
CUST-000830,Farid Kowalski,farid.kowalski@example.net,APAC,2025-05-24,332.30,smb
CUST-000831,Greta Schneider,greta.schneider@example.org,AMER,2023-01-11,70387.15,enterprise
CUST-000832,Carla Cordova,carla.cordova@example.com,APAC,2023-06-01,58307.89,enterprise
CUST-000833,Maja Bergmann,maja.bergmann@example.org,APAC,2022-07-09,13161.96,midmarket
CUST-000834,Yara Adler,yara.adler@example.org,AMER,2023-06-24,11288.53,enterprise
CUST-000835,Lars Adler,lars.adler@example.org,AMER,2024-11-03,26862.38,enterprise
CUST-000836,Yara Cordova,yara.cordova@example.org,APAC,2021-03-28,2285.63,midmarket
CUST-000837,Nils Adler,nils.adler@example.org,APAC,2025-01-06,16442.53,midmarket
CUST-000838,Ulrich Cordova,ulrich.cordova@example.net,EMEA,2025-12-02,1243.52,smb
CUST-000839,Sven Novak,sven.novak@example.com,EMEA,2021-05-14,1199.94,smb
CUST-000840,Carla Falk,carla.falk@example.net,AMER,2024-08-21,5443.94,midmarket
CUST-000841,Carla Gruber,carla.gruber@example.org,APAC,2025-02-26,10945.17,midmarket
CUST-000842,Alina Petrov,alina.petrov@example.org,APAC,2024-01-06,15913.80,midmarket
CUST-000843,Farid Dahl,farid.dahl@example.com,EMEA,2022-06-30,13978.94,midmarket
CUST-000844,Rosa Ivanov,rosa.ivanov@example.org,AMER,2025-05-02,17396.30,midmarket
CUST-000845,Tessa Halvorsen,tessa.halvorsen@example.net,APAC,2023-09-13,29727.68,enterprise
CUST-000846,Farid Adler,farid.adler@example.com,APAC,2021-09-17,73758.85,enterprise
CUST-000847,Hugo Bergmann,hugo.bergmann@example.net,APAC,2021-01-15,12603.70,midmarket
CUST-000848,Zoran Eriksen,zoran.eriksen@example.net,EMEA,2024-01-28,1509.12,smb
CUST-000849,Jonas Schneider,jonas.schneider@example.com,EMEA,2023-10-13,16241.84,midmarket
CUST-000850,Quinn Gruber,quinn.gruber@example.org,APAC,2025-08-07,15019.72,midmarket
CUST-000851,Carla Falk,carla.falk@example.org,EMEA,2021-05-31,8574.03,enterprise
CUST-000852,Olga Ivanov,olga.ivanov@example.net,AMER,2022-03-17,2202.01,smb
CUST-000853,Ulrich Gruber,ulrich.gruber@example.net,APAC,2024-01-12,2497.48,smb
CUST-000854,Rosa Toivonen,rosa.toivonen@example.com,APAC,2025-02-24,1755.38,smb
CUST-000855,Quinn Kowalski,quinn.kowalski@example.net,APAC,2021-04-08,2207.95,smb
CUST-000856,Wim Novak,wim.novak@example.org,EMEA,2024-03-23,64116.96,enterprise
CUST-000857,Maja Novak,maja.novak@example.net,EMEA,2025-02-20,36435.99,enterprise
CUST-000858,Vera Halvorsen,vera.halvorsen@example.org,AMER,2022-01-01,14713.87,midmarket
CUST-000859,Maja Adler,maja.adler@example.net,AMER,2024-03-19,961.92,smb
CUST-000860,Ulrich Halvorsen,ulrich.halvorsen@example.net,EMEA,2021-12-26,17278.80,midmarket
CUST-000861,Wim Bergmann,wim.bergmann@example.net,EMEA,2022-04-03,1727.22,smb
CUST-000862,Zoran Jansen,zoran.jansen@example.org,APAC,2023-02-23,1719.88,smb
CUST-000863,Bruno Schneider,bruno.schneider@example.org,AMER,2024-05-23,1068.28,smb
CUST-000864,Sven Rossi,sven.rossi@example.net,APAC,2024-03-20,1060.02,smb
CUST-000865,Yara Moreau,yara.moreau@example.net,EMEA,2022-03-11,78301.03,enterprise
CUST-000866,Quinn Falk,quinn.falk@example.org,EMEA,2024-03-21,39857.77,enterprise
CUST-000867,Maja Novak,maja.novak@example.com,APAC,2023-12-09,31875.16,enterprise
CUST-000868,Hugo Falk,hugo.falk@example.net,AMER,2025-03-16,872.98,smb
CUST-000869,Yara Moreau,yara.moreau@example.org,AMER,2024-12-07,4004.45,midmarket
CUST-000870,Kira Jansen,kira.jansen@example.com,AMER,2021-09-07,8099.75,midmarket
CUST-000871,Elif Petrov,elif.petrov@example.com,EMEA,2022-12-10,40124.18,enterprise
CUST-000872,Rosa Falk,rosa.falk@example.com,EMEA,2021-07-04,551.60,smb
CUST-000873,Farid Gruber,farid.gruber@example.net,AMER,2022-07-07,5192.59,midmarket
CUST-000874,Sven Toivonen,sven.toivonen@example.org,APAC,2022-01-23,1707.56,smb
CUST-000875,Greta Rossi,greta.rossi@example.net,APAC,2022-11-10,17179.13,midmarket
CUST-000876,Lars Adler,lars.adler@example.net,EMEA,2024-03-28,10883.81,midmarket
CUST-000877,Ines Lindqvist,ines.lindqvist@example.com,AMER,2025-04-03,69785.32,enterprise
CUST-000878,Greta Vermeer,greta.vermeer@example.org,AMER,2025-06-08,31349.91,enterprise
CUST-000879,Elif Kowalski,elif.kowalski@example.net,AMER,2025-02-07,2800.59,smb
CUST-000880,Sven Schneider,sven.schneider@example.org,APAC,2022-09-02,43940.07,enterprise
CUST-000881,Ulrich Moreau,ulrich.moreau@example.com,APAC,2023-12-12,15432.30,midmarket
CUST-000882,Maja Lindqvist,maja.lindqvist@example.net,AMER,2024-01-25,2454.27,smb
CUST-000883,Tessa Olsen,tessa.olsen@example.net,APAC,2024-12-18,19418.25,enterprise
CUST-000884,Bruno Dahl,bruno.dahl@example.org,AMER,2022-11-12,73361.36,enterprise
CUST-000885,Bruno Olsen,bruno.olsen@example.com,APAC,2023-02-05,61595.38,enterprise
CUST-000886,Hugo Dahl,hugo.dahl@example.com,APAC,2021-07-06,25555.10,enterprise
CUST-000887,Carla Moreau,carla.moreau@example.net,APAC,2024-03-08,1266.31,smb
CUST-000888,Greta Halvorsen,greta.halvorsen@example.com,APAC,2023-03-07,48730.53,enterprise
CUST-000889,Vera Rossi,vera.rossi@example.org,AMER,2023-09-11,8833.17,midmarket
CUST-000890,Vera Cordova,vera.cordova@example.com,APAC,2024-11-18,1676.77,smb
CUST-000891,Olga Kowalski,olga.kowalski@example.net,AMER,2022-11-10,3417.47,midmarket
CUST-000892,Bruno Lindqvist,bruno.lindqvist@example.com,EMEA,2025-05-24,343.28,smb
CUST-000893,Piet Halvorsen,piet.halvorsen@example.org,EMEA,2025-06-02,9738.64,midmarket
CUST-000894,Dmitri Olsen,dmitri.olsen@example.com,AMER,2021-11-07,4147.34,midmarket
CUST-000895,Wim Falk,wim.falk@example.net,AMER,2021-10-18,1309.82,smb
CUST-000896,Rosa Toivonen,rosa.toivonen@example.org,APAC,2025-10-18,4673.07,midmarket
CUST-000897,Elif Falk,elif.falk@example.com,APAC,2023-12-14,2438.93,smb
CUST-000898,Kira Rossi,kira.rossi@example.com,APAC,2021-03-15,78045.85,enterprise
CUST-000899,Lars Novak,lars.novak@example.net,APAC,2021-12-09,1388.99,smb
CUST-000900,Tessa Kowalski,tessa.kowalski@example.net,EMEA,2024-11-28,5212.38,midmarket
CUST-000901,Jonas Ivanov,jonas.ivanov@example.org,APAC,2024-12-10,41734.59,enterprise
CUST-000902,Quinn Eriksen,quinn.eriksen@example.org,EMEA,2023-06-06,1265.33,smb
CUST-000903,Farid Ivanov,farid.ivanov@example.com,AMER,2025-09-21,2318.19,midmarket
CUST-000904,Dmitri Vermeer,dmitri.vermeer@example.com,APAC,2023-05-19,10151.44,midmarket
CUST-000905,Ines Cordova,ines.cordova@example.org,EMEA,2024-04-06,4828.64,midmarket
CUST-000906,Ulrich Jansen,ulrich.jansen@example.net,EMEA,2025-11-26,669.99,smb
CUST-000907,Olga Jansen,olga.jansen@example.org,AMER,2025-09-16,2597.46,midmarket
CUST-000908,Olga Ivanov,olga.ivanov@example.net,APAC,2025-11-14,7083.24,midmarket
CUST-000909,Nils Rossi,nils.rossi@example.org,EMEA,2025-06-05,17763.31,midmarket
CUST-000910,Alina Olsen,alina.olsen@example.org,APAC,2024-02-24,17642.09,midmarket
CUST-000911,Alina Bergmann,alina.bergmann@example.org,EMEA,2025-01-11,40937.17,enterprise
CUST-000912,Quinn Jansen,quinn.jansen@example.org,EMEA,2022-11-29,59495.76,enterprise
CUST-000913,Piet Toivonen,piet.toivonen@example.com,EMEA,2023-11-22,13723.94,midmarket
CUST-000914,Nils Petrov,nils.petrov@example.net,AMER,2023-05-13,2085.91,smb
CUST-000915,Yara Dahl,yara.dahl@example.com,AMER,2024-07-09,6225.16,midmarket
CUST-000916,Ulrich Adler,ulrich.adler@example.net,AMER,2022-09-30,1686.45,smb
CUST-000917,Wim Eriksen,wim.eriksen@example.net,APAC,2023-02-22,41154.40,enterprise
CUST-000918,Sven Schneider,sven.schneider@example.org,APAC,2022-08-03,1867.06,smb
CUST-000919,Ines Kowalski,ines.kowalski@example.net,APAC,2024-05-27,2074.87,smb
CUST-000920,Lars Falk,lars.falk@example.net,APAC,2024-12-04,7494.78,midmarket
CUST-000921,Farid Toivonen,farid.toivonen@example.org,APAC,2022-07-21,9424.90,midmarket
CUST-000922,Farid Gruber,farid.gruber@example.com,APAC,2023-01-24,11088.39,midmarket
CUST-000923,Quinn Schneider,quinn.schneider@example.com,APAC,2022-11-19,489.33,smb
CUST-000924,Greta Olsen,greta.olsen@example.org,AMER,2024-08-10,8812.88,midmarket
CUST-000925,Ulrich Petrov,ulrich.petrov@example.com,AMER,2025-04-17,25236.71,enterprise
CUST-000926,Ines Petrov,ines.petrov@example.net,EMEA,2022-01-26,24391.60,enterprise
CUST-000927,Lars Toivonen,lars.toivonen@example.net,EMEA,2024-08-01,79425.10,enterprise
CUST-000928,Yara Halvorsen,yara.halvorsen@example.net,APAC,2022-09-03,11486.56,midmarket
CUST-000929,Ulrich Petrov,ulrich.petrov@example.com,AMER,2024-07-13,2837.18,smb
CUST-000930,Alina Kowalski,alina.kowalski@example.com,AMER,2024-03-29,5779.54,midmarket
CUST-000931,Vera Schneider,vera.schneider@example.org,AMER,2025-04-09,3049.10,midmarket
CUST-000932,Wim Bergmann,wim.bergmann@example.org,AMER,2024-11-03,2553.89,smb
CUST-000933,Alina Vermeer,alina.vermeer@example.org,AMER,2022-09-24,74056.72,enterprise
CUST-000934,Vera Toivonen,vera.toivonen@example.com,EMEA,2023-07-23,2526.94,smb
CUST-000935,Farid Lindqvist,farid.lindqvist@example.net,AMER,2025-10-20,8571.82,midmarket
CUST-000936,Nils Bergmann,nils.bergmann@example.com,EMEA,2023-09-29,931.94,smb
CUST-000937,Rosa Falk,rosa.falk@example.com,EMEA,2022-03-03,10618.23,midmarket
CUST-000938,Dmitri Novak,dmitri.novak@example.net,AMER,2024-02-01,14370.88,midmarket
CUST-000939,Carla Kowalski,carla.kowalski@example.net,EMEA,2021-02-20,12515.55,midmarket
CUST-000940,Piet Halvorsen,piet.halvorsen@example.org,EMEA,2025-04-12,1839.19,smb
CUST-000941,Greta Novak,greta.novak@example.com,AMER,2023-10-08,58123.35,enterprise
CUST-000942,Wim Adler,wim.adler@example.net,AMER,2024-08-08,368.89,smb
CUST-000943,Piet Toivonen,piet.toivonen@example.net,AMER,2023-08-21,2554.42,smb
CUST-000944,Rosa Dahl,rosa.dahl@example.com,APAC,2024-04-19,1856.30,smb
CUST-000945,Ines Lindqvist,ines.lindqvist@example.net,APAC,2025-01-06,35391.23,enterprise
CUST-000946,Vera Toivonen,vera.toivonen@example.net,EMEA,2024-12-01,2600.35,midmarket
CUST-000947,Elif Vermeer,elif.vermeer@example.com,AMER,2021-06-07,8935.76,enterprise
CUST-000948,Zoran Jansen,zoran.jansen@example.net,APAC,2021-03-02,4895.08,midmarket
CUST-000949,Jonas Eriksen,jonas.eriksen@example.net,AMER,2023-08-04,16890.40,midmarket
CUST-000950,Lars Novak,lars.novak@example.com,AMER,2025-01-16,10760.51,midmarket
CUST-000951,Greta Ivanov,greta.ivanov@example.com,APAC,2025-10-28,12245.17,midmarket
CUST-000952,Dmitri Eriksen,dmitri.eriksen@example.com,AMER,2025-05-14,64490.77,enterprise
CUST-000953,Carla Cordova,carla.cordova@example.com,APAC,2024-06-12,16130.57,midmarket
CUST-000954,Zoran Petrov,zoran.petrov@example.com,APAC,2021-03-04,73416.28,enterprise
CUST-000955,Rosa Vermeer,rosa.vermeer@example.com,EMEA,2022-08-30,31823.76,enterprise
CUST-000956,Rosa Cordova,rosa.cordova@example.net,AMER,2025-09-28,1658.01,smb
CUST-000957,Ines Halvorsen,ines.halvorsen@example.org,EMEA,2022-03-27,17344.49,enterprise
CUST-000958,Sven Schneider,sven.schneider@example.org,EMEA,2021-01-18,11382.64,enterprise
CUST-000959,Wim Bergmann,wim.bergmann@example.com,EMEA,2022-07-30,2378.37,smb
CUST-000960,Lars Petrov,lars.petrov@example.org,APAC,2024-09-08,2199.08,smb
CUST-000961,Vera Olsen,vera.olsen@example.org,EMEA,2023-12-02,955.03,smb
CUST-000962,Farid Kowalski,farid.kowalski@example.net,APAC,2024-01-11,2080.45,smb
CUST-000963,Carla Kowalski,carla.kowalski@example.net,AMER,2023-11-18,43269.73,enterprise
CUST-000964,Ulrich Novak,ulrich.novak@example.com,AMER,2023-06-16,2401.72,smb
CUST-000965,Greta Kowalski,greta.kowalski@example.com,EMEA,2022-08-30,61581.40,enterprise
CUST-000966,Olga Gruber,olga.gruber@example.com,AMER,2021-12-25,870.75,smb
CUST-000967,Quinn Moreau,quinn.moreau@example.net,AMER,2022-03-02,1991.35,smb
CUST-000968,Carla Ivanov,carla.ivanov@example.net,EMEA,2023-03-22,17526.35,midmarket
CUST-000969,Maja Rossi,maja.rossi@example.com,AMER,2022-04-05,32299.24,enterprise
CUST-000970,Bruno Moreau,bruno.moreau@example.com,AMER,2021-01-10,14209.02,midmarket
CUST-000971,Alina Halvorsen,alina.halvorsen@example.org,AMER,2025-12-26,2811.74,smb
CUST-000972,Nils Adler,nils.adler@example.com,AMER,2022-04-29,1450.77,smb
CUST-000973,Dmitri Jansen,dmitri.jansen@example.com,EMEA,2022-09-03,454.75,smb
CUST-000974,Ines Halvorsen,ines.halvorsen@example.net,AMER,2022-03-19,5554.19,midmarket
CUST-000975,Jonas Eriksen,jonas.eriksen@example.net,AMER,2021-04-07,42429.75,enterprise
CUST-000976,Piet Eriksen,piet.eriksen@example.com,AMER,2022-11-12,8211.83,enterprise
CUST-000977,Hugo Ivanov,hugo.ivanov@example.org,APAC,2023-07-08,474.72,smb
CUST-000978,Olga Kowalski,olga.kowalski@example.com,AMER,2022-08-13,844.57,smb
CUST-000979,Vera Adler,vera.adler@example.org,EMEA,2021-09-26,2195.02,smb
CUST-000980,Greta Gruber,greta.gruber@example.com,AMER,2023-08-05,9964.77,midmarket
CUST-000981,Kira Bergmann,kira.bergmann@example.net,APAC,2024-02-23,13311.02,midmarket
CUST-000982,Ines Halvorsen,ines.halvorsen@example.net,EMEA,2021-11-11,74570.15,enterprise
CUST-000983,Maja Falk,maja.falk@example.org,APAC,2022-11-09,480.86,smb
CUST-000984,Yara Petrov,yara.petrov@example.net,APAC,2022-05-25,14922.36,midmarket
CUST-000985,Wim Moreau,wim.moreau@example.org,AMER,2025-04-24,40487.01,enterprise
CUST-000986,Carla Ivanov,carla.ivanov@example.net,EMEA,2024-03-07,18517.25,enterprise
CUST-000987,Olga Toivonen,olga.toivonen@example.org,EMEA,2022-09-21,1008.15,smb
CUST-000988,Maja Adler,maja.adler@example.com,APAC,2022-03-16,51218.07,enterprise
CUST-000989,Yara Halvorsen,yara.halvorsen@example.com,APAC,2022-09-02,14707.41,midmarket
CUST-000990,Wim Jansen,wim.jansen@example.com,EMEA,2022-04-30,981.79,smb
CUST-000991,Alina Jansen,alina.jansen@example.org,EMEA,2021-01-29,48659.51,enterprise
CUST-000992,Hugo Dahl,hugo.dahl@example.net,APAC,2025-03-18,50814.50,enterprise
CUST-000993,Alina Dahl,alina.dahl@example.com,APAC,2024-01-29,6647.09,midmarket
CUST-000994,Yara Schneider,yara.schneider@example.org,APAC,2025-11-27,908.92,smb
CUST-000995,Piet Cordova,piet.cordova@example.com,APAC,2025-06-24,4436.10,midmarket
CUST-000996,Wim Olsen,wim.olsen@example.com,APAC,2025-06-16,7726.14,midmarket
CUST-000997,Olga Schneider,olga.schneider@example.net,EMEA,2025-11-22,11750.01,midmarket
CUST-000998,Elif Cordova,elif.cordova@example.net,APAC,2021-10-14,13229.03,enterprise
CUST-000999,Tessa Moreau,tessa.moreau@example.com,EMEA,2025-12-29,70921.96,enterprise
CUST-001000,Jonas Eriksen,jonas.eriksen@example.com,APAC,2022-12-07,18733.52,enterprise
CUST-001001,Quinn Bergmann,quinn.bergmann@example.com,EMEA,2023-06-24,1801.91,smb
CUST-001002,Kira Schneider,kira.schneider@example.org,AMER,2025-07-21,15404.24,midmarket
CUST-001003,Carla Bergmann,carla.bergmann@example.com,APAC,2025-11-01,1877.68,smb
CUST-001004,Zoran Rossi,zoran.rossi@example.net,AMER,2023-06-27,17785.83,enterprise
CUST-001005,Carla Rossi,carla.rossi@example.net,AMER,2024-11-15,2454.40,smb
CUST-001006,Farid Schneider,farid.schneider@example.com,EMEA,2024-12-24,37699.40,enterprise
CUST-001007,Rosa Cordova,rosa.cordova@example.net,EMEA,2024-12-29,2462.56,midmarket
CUST-001008,Lars Kowalski,lars.kowalski@example.org,AMER,2021-08-29,39656.85,enterprise
CUST-001009,Kira Cordova,kira.cordova@example.org,AMER,2022-09-17,17802.27,midmarket
CUST-001010,Jonas Bergmann,jonas.bergmann@example.org,APAC,2024-01-20,16695.39,midmarket
CUST-001011,Kira Falk,kira.falk@example.org,APAC,2024-08-16,1926.53,midmarket
CUST-001012,Greta Lindqvist,greta.lindqvist@example.org,AMER,2021-12-03,1587.74,smb
CUST-001013,Nils Rossi,nils.rossi@example.net,AMER,2024-11-15,1713.28,smb
CUST-001014,Ines Falk,ines.falk@example.org,APAC,2023-05-29,424.87,smb
CUST-001015,Quinn Bergmann,quinn.bergmann@example.com,AMER,2023-01-24,2566.03,smb
CUST-001016,Olga Dahl,olga.dahl@example.org,EMEA,2022-09-20,8070.83,midmarket
CUST-001017,Lars Jansen,lars.jansen@example.net,APAC,2025-10-06,1557.82,smb
CUST-001018,Wim Ivanov,wim.ivanov@example.net,EMEA,2022-07-12,2316.89,smb
CUST-001019,Ulrich Bergmann,ulrich.bergmann@example.net,APAC,2022-06-10,15147.04,midmarket
CUST-001020,Zoran Olsen,zoran.olsen@example.org,APAC,2023-05-21,1891.21,smb
CUST-001021,Dmitri Petrov,dmitri.petrov@example.com,APAC,2025-06-22,48454.12,enterprise
CUST-001022,Ines Jansen,ines.jansen@example.net,APAC,2023-12-19,2839.44,smb
CUST-001023,Quinn Rossi,quinn.rossi@example.net,AMER,2021-08-01,31122.29,enterprise
CUST-001024,Vera Adler,vera.adler@example.net,APAC,2021-09-14,41039.96,enterprise
CUST-001025,Rosa Eriksen,rosa.eriksen@example.org,EMEA,2022-03-10,1371.37,smb
CUST-001026,Kira Kowalski,kira.kowalski@example.com,AMER,2022-01-18,68574.44,enterprise
CUST-001027,Hugo Bergmann,hugo.bergmann@example.com,AMER,2024-01-05,13364.10,midmarket
CUST-001028,Olga Moreau,olga.moreau@example.org,EMEA,2023-01-01,1853.86,smb
CUST-001029,Jonas Schneider,jonas.schneider@example.com,AMER,2022-04-07,2689.38,smb
CUST-001030,Ines Adler,ines.adler@example.net,APAC,2023-02-22,4341.03,midmarket
CUST-001031,Nils Novak,nils.novak@example.com,APAC,2023-07-13,5931.44,midmarket
CUST-001032,Alina Gruber,alina.gruber@example.net,AMER,2025-10-10,2914.07,smb
CUST-001033,Maja Rossi,maja.rossi@example.org,APAC,2022-08-29,32861.91,enterprise
CUST-001034,Zoran Eriksen,zoran.eriksen@example.org,APAC,2021-08-14,674.73,smb
CUST-001035,Piet Kowalski,piet.kowalski@example.org,EMEA,2022-09-15,1842.27,smb
CUST-001036,Vera Rossi,vera.rossi@example.org,APAC,2025-01-09,17497.77,midmarket
CUST-001037,Carla Vermeer,carla.vermeer@example.com,EMEA,2025-01-28,63345.58,enterprise
CUST-001038,Vera Rossi,vera.rossi@example.net,EMEA,2025-04-20,1264.65,smb
CUST-001039,Alina Schneider,alina.schneider@example.com,AMER,2021-07-23,4439.15,midmarket
CUST-001040,Alina Toivonen,alina.toivonen@example.com,APAC,2022-04-10,342.63,smb
CUST-001041,Jonas Falk,jonas.falk@example.org,APAC,2021-12-12,13187.49,midmarket
CUST-001042,Quinn Falk,quinn.falk@example.com,APAC,2024-01-20,14186.71,midmarket
CUST-001043,Nils Schneider,nils.schneider@example.net,APAC,2022-04-11,2640.59,smb
CUST-001044,Jonas Eriksen,jonas.eriksen@example.org,AMER,2022-04-08,30818.24,enterprise
CUST-001045,Greta Halvorsen,greta.halvorsen@example.com,AMER,2021-10-07,15039.78,midmarket
CUST-001046,Hugo Schneider,hugo.schneider@example.net,EMEA,2021-12-12,16323.72,midmarket
CUST-001047,Maja Halvorsen,maja.halvorsen@example.com,AMER,2024-11-26,3561.97,midmarket
CUST-001048,Alina Lindqvist,alina.lindqvist@example.net,APAC,2024-03-31,3216.44,midmarket
CUST-001049,Elif Jansen,elif.jansen@example.com,AMER,2023-04-04,14599.72,midmarket
CUST-001050,Yara Cordova,yara.cordova@example.com,APAC,2022-12-05,13690.87,midmarket
CUST-001051,Piet Ivanov,piet.ivanov@example.com,AMER,2023-05-24,13820.63,enterprise
CUST-001052,Kira Vermeer,kira.vermeer@example.com,APAC,2021-12-02,733.50,smb
CUST-001053,Jonas Petrov,jonas.petrov@example.net,EMEA,2024-03-20,383.09,smb
CUST-001054,Maja Novak,maja.novak@example.com,EMEA,2023-10-08,1968.90,smb
CUST-001055,Ulrich Kowalski,ulrich.kowalski@example.org,AMER,2023-01-31,9465.85,midmarket
CUST-001056,Olga Falk,olga.falk@example.org,APAC,2024-07-12,16974.34,midmarket
CUST-001057,Ulrich Moreau,ulrich.moreau@example.com,EMEA,2022-05-23,12409.38,midmarket
CUST-001058,Tessa Eriksen,tessa.eriksen@example.org,AMER,2021-03-04,2827.87,midmarket
CUST-001059,Wim Olsen,wim.olsen@example.net,APAC,2023-09-07,13759.60,midmarket
CUST-001060,Yara Cordova,yara.cordova@example.com,APAC,2024-10-14,2394.06,smb
CUST-001061,Ulrich Adler,ulrich.adler@example.com,EMEA,2021-02-23,76058.19,enterprise
CUST-001062,Maja Adler,maja.adler@example.com,AMER,2023-10-23,45221.49,enterprise
CUST-001063,Yara Kowalski,yara.kowalski@example.org,EMEA,2024-06-19,2203.76,smb
CUST-001064,Zoran Bergmann,zoran.bergmann@example.net,EMEA,2021-08-26,36714.40,enterprise
CUST-001065,Dmitri Schneider,dmitri.schneider@example.com,EMEA,2024-03-25,13817.54,midmarket
CUST-001066,Nils Dahl,nils.dahl@example.net,AMER,2024-05-08,2771.13,smb
CUST-001067,Bruno Falk,bruno.falk@example.org,AMER,2023-02-27,73545.69,enterprise
CUST-001068,Tessa Petrov,tessa.petrov@example.org,EMEA,2022-10-16,18294.39,enterprise
CUST-001069,Nils Petrov,nils.petrov@example.net,EMEA,2025-11-15,2309.60,smb
CUST-001070,Rosa Dahl,rosa.dahl@example.net,AMER,2024-07-10,16519.64,midmarket
CUST-001071,Nils Ivanov,nils.ivanov@example.org,APAC,2025-11-02,14787.11,enterprise
CUST-001072,Elif Moreau,elif.moreau@example.com,APAC,2025-06-27,20504.07,enterprise
CUST-001073,Tessa Rossi,tessa.rossi@example.net,AMER,2025-10-12,26989.64,enterprise
CUST-001074,Olga Schneider,olga.schneider@example.com,APAC,2024-05-22,38970.50,enterprise
CUST-001075,Bruno Moreau,bruno.moreau@example.org,EMEA,2023-11-03,11143.68,midmarket
CUST-001076,Sven Lindqvist,sven.lindqvist@example.net,APAC,2024-07-26,8646.90,midmarket
CUST-001077,Greta Novak,greta.novak@example.net,APAC,2021-02-07,10849.66,midmarket
CUST-001078,Piet Olsen,piet.olsen@example.com,APAC,2024-07-28,60248.29,enterprise
CUST-001079,Greta Halvorsen,greta.halvorsen@example.net,APAC,2024-05-15,27154.36,enterprise
CUST-001080,Greta Gruber,greta.gruber@example.com,EMEA,2023-01-10,2917.85,smb
CUST-001081,Sven Gruber,sven.gruber@example.com,AMER,2023-08-17,730.28,smb
CUST-001082,Quinn Falk,quinn.falk@example.com,AMER,2023-12-21,1620.41,smb
CUST-001083,Zoran Adler,zoran.adler@example.org,AMER,2025-04-09,66427.52,enterprise
CUST-001084,Ines Bergmann,ines.bergmann@example.net,APAC,2025-01-18,22579.27,enterprise
CUST-001085,Yara Adler,yara.adler@example.net,APAC,2022-11-21,2900.90,smb
CUST-001086,Zoran Schneider,zoran.schneider@example.com,APAC,2022-06-06,25462.05,enterprise
CUST-001087,Wim Schneider,wim.schneider@example.net,EMEA,2023-03-08,7650.41,midmarket
CUST-001088,Olga Kowalski,olga.kowalski@example.net,APAC,2024-11-18,2933.08,smb
CUST-001089,Elif Olsen,elif.olsen@example.com,EMEA,2024-01-30,1202.28,smb
CUST-001090,Bruno Vermeer,bruno.vermeer@example.org,EMEA,2021-10-26,43122.02,enterprise
CUST-001091,Rosa Eriksen,rosa.eriksen@example.org,AMER,2021-04-03,58818.99,enterprise
CUST-001092,Farid Kowalski,farid.kowalski@example.com,AMER,2024-05-27,1273.83,smb
CUST-001093,Carla Halvorsen,carla.halvorsen@example.com,APAC,2022-10-18,2539.71,smb
CUST-001094,Rosa Lindqvist,rosa.lindqvist@example.net,APAC,2023-02-28,15986.86,midmarket
CUST-001095,Nils Adler,nils.adler@example.org,APAC,2024-01-16,9401.88,enterprise
CUST-001096,Sven Adler,sven.adler@example.net,EMEA,2022-05-14,8060.05,midmarket
CUST-001097,Alina Vermeer,alina.vermeer@example.com,EMEA,2024-11-02,8791.04,enterprise
CUST-001098,Piet Petrov,piet.petrov@example.com,AMER,2023-05-23,694.98,smb
CUST-001099,Piet Dahl,piet.dahl@example.net,AMER,2025-06-30,74505.16,enterprise
CUST-001100,Dmitri Moreau,dmitri.moreau@example.org,AMER,2023-01-23,7560.38,midmarket
CUST-001101,Kira Bergmann,kira.bergmann@example.net,APAC,2021-04-07,35218.52,enterprise
CUST-001102,Lars Lindqvist,lars.lindqvist@example.net,EMEA,2025-12-28,72345.12,enterprise
CUST-001103,Piet Schneider,piet.schneider@example.net,APAC,2024-10-12,40982.88,enterprise
CUST-001104,Vera Moreau,vera.moreau@example.net,AMER,2024-07-04,50602.22,enterprise
CUST-001105,Nils Bergmann,nils.bergmann@example.org,EMEA,2022-07-16,3129.04,midmarket
CUST-001106,Zoran Petrov,zoran.petrov@example.org,EMEA,2021-03-14,74983.31,enterprise
CUST-001107,Tessa Lindqvist,tessa.lindqvist@example.com,EMEA,2023-08-24,2418.34,smb
CUST-001108,Ulrich Dahl,ulrich.dahl@example.net,EMEA,2021-02-24,1456.17,smb
CUST-001109,Lars Olsen,lars.olsen@example.com,AMER,2022-07-10,7205.59,midmarket
CUST-001110,Hugo Novak,hugo.novak@example.net,APAC,2025-10-08,14933.20,midmarket
CUST-001111,Vera Petrov,vera.petrov@example.net,AMER,2021-07-12,17893.08,enterprise
CUST-001112,Tessa Petrov,tessa.petrov@example.org,AMER,2024-10-23,71752.73,enterprise
CUST-001113,Maja Adler,maja.adler@example.com,APAC,2022-11-09,78349.90,enterprise
CUST-001114,Sven Halvorsen,sven.halvorsen@example.com,APAC,2024-06-18,10168.51,midmarket
CUST-001115,Rosa Novak,rosa.novak@example.com,AMER,2024-08-27,2058.02,midmarket
CUST-001116,Nils Rossi,nils.rossi@example.com,APAC,2025-06-26,12431.69,enterprise
CUST-001117,Carla Eriksen,carla.eriksen@example.net,APAC,2025-06-06,342.24,smb
CUST-001118,Dmitri Kowalski,dmitri.kowalski@example.com,EMEA,2021-07-20,14320.02,enterprise
CUST-001119,Alina Petrov,alina.petrov@example.net,APAC,2024-06-29,12029.23,midmarket
CUST-001120,Hugo Kowalski,hugo.kowalski@example.com,AMER,2023-06-21,9870.17,enterprise
CUST-001121,Piet Ivanov,piet.ivanov@example.com,EMEA,2023-02-20,9866.89,midmarket
CUST-001122,Nils Kowalski,nils.kowalski@example.net,AMER,2023-04-23,586.08,smb
CUST-001123,Ulrich Eriksen,ulrich.eriksen@example.net,AMER,2021-12-27,1692.00,smb
CUST-001124,Alina Schneider,alina.schneider@example.net,EMEA,2023-08-18,2981.27,smb
CUST-001125,Lars Vermeer,lars.vermeer@example.org,EMEA,2021-12-02,69766.93,enterprise
CUST-001126,Elif Novak,elif.novak@example.org,APAC,2025-04-17,2023.33,midmarket
CUST-001127,Yara Novak,yara.novak@example.com,APAC,2024-10-09,2524.03,smb
CUST-001128,Dmitri Olsen,dmitri.olsen@example.org,EMEA,2024-06-12,76526.89,enterprise
CUST-001129,Vera Eriksen,vera.eriksen@example.net,APAC,2024-08-10,10499.75,midmarket
CUST-001130,Rosa Lindqvist,rosa.lindqvist@example.org,APAC,2023-10-11,43872.98,enterprise
CUST-001131,Vera Bergmann,vera.bergmann@example.net,AMER,2023-10-24,2311.00,smb
CUST-001132,Greta Cordova,greta.cordova@example.net,EMEA,2023-08-09,2002.11,smb
CUST-001133,Wim Cordova,wim.cordova@example.net,APAC,2021-10-03,2064.16,smb
CUST-001134,Ines Halvorsen,ines.halvorsen@example.com,EMEA,2024-03-10,62588.10,enterprise
CUST-001135,Farid Gruber,farid.gruber@example.org,EMEA,2022-04-23,5207.43,midmarket
CUST-001136,Wim Moreau,wim.moreau@example.com,APAC,2021-12-25,611.94,smb
CUST-001137,Wim Dahl,wim.dahl@example.com,APAC,2022-06-03,6430.26,midmarket
CUST-001138,Jonas Lindqvist,jonas.lindqvist@example.com,AMER,2025-12-14,17238.09,midmarket
CUST-001139,Nils Kowalski,nils.kowalski@example.org,EMEA,2025-12-12,2226.71,smb
CUST-001140,Nils Olsen,nils.olsen@example.com,EMEA,2024-05-20,510.35,smb
CUST-001141,Zoran Eriksen,zoran.eriksen@example.com,APAC,2021-08-28,6911.59,midmarket
CUST-001142,Quinn Bergmann,quinn.bergmann@example.org,APAC,2021-09-01,9164.73,midmarket
CUST-001143,Olga Cordova,olga.cordova@example.net,APAC,2022-02-13,1339.68,smb
CUST-001144,Nils Adler,nils.adler@example.net,EMEA,2023-09-02,310.41,smb
CUST-001145,Dmitri Adler,dmitri.adler@example.org,AMER,2022-04-26,26057.88,enterprise
CUST-001146,Sven Novak,sven.novak@example.net,EMEA,2023-10-20,39144.50,enterprise
CUST-001147,Alina Halvorsen,alina.halvorsen@example.com,AMER,2022-04-18,10285.10,midmarket
CUST-001148,Ulrich Jansen,ulrich.jansen@example.com,AMER,2021-11-01,9000.03,midmarket
CUST-001149,Tessa Eriksen,tessa.eriksen@example.com,EMEA,2025-10-31,36091.25,enterprise
CUST-001150,Elif Halvorsen,elif.halvorsen@example.net,EMEA,2022-04-05,2317.12,midmarket
CUST-001151,Ulrich Vermeer,ulrich.vermeer@example.com,APAC,2021-10-28,8899.97,midmarket
CUST-001152,Bruno Olsen,bruno.olsen@example.com,EMEA,2021-09-17,17911.66,midmarket
CUST-001153,Lars Adler,lars.adler@example.org,EMEA,2024-07-31,41656.65,enterprise
CUST-001154,Vera Moreau,vera.moreau@example.com,AMER,2024-12-14,1736.31,smb
CUST-001155,Sven Gruber,sven.gruber@example.org,EMEA,2024-09-27,18569.12,enterprise
CUST-001156,Farid Petrov,farid.petrov@example.org,EMEA,2025-04-07,2839.41,smb
CUST-001157,Piet Cordova,piet.cordova@example.com,APAC,2022-07-15,6956.24,midmarket
CUST-001158,Ulrich Novak,ulrich.novak@example.org,EMEA,2024-10-22,2750.36,smb
CUST-001159,Zoran Dahl,zoran.dahl@example.com,EMEA,2021-11-07,2764.16,smb
CUST-001160,Lars Rossi,lars.rossi@example.net,AMER,2021-05-25,1790.34,smb
CUST-001161,Olga Schneider,olga.schneider@example.com,AMER,2025-11-25,8201.07,midmarket
CUST-001162,Olga Ivanov,olga.ivanov@example.net,AMER,2021-11-19,2427.16,smb
CUST-001163,Ulrich Falk,ulrich.falk@example.org,EMEA,2022-09-25,2558.01,smb
CUST-001164,Lars Bergmann,lars.bergmann@example.net,APAC,2022-02-22,1853.40,smb
CUST-001165,Piet Moreau,piet.moreau@example.net,AMER,2024-07-25,44349.06,enterprise
CUST-001166,Quinn Falk,quinn.falk@example.org,EMEA,2022-11-16,1190.56,smb
CUST-001167,Wim Schneider,wim.schneider@example.net,AMER,2025-01-26,2148.87,smb
CUST-001168,Olga Ivanov,olga.ivanov@example.net,AMER,2025-01-27,6842.64,midmarket
CUST-001169,Maja Novak,maja.novak@example.org,APAC,2024-06-30,1517.21,smb
CUST-001170,Olga Rossi,olga.rossi@example.org,AMER,2023-08-24,1735.58,smb
CUST-001171,Bruno Petrov,bruno.petrov@example.com,EMEA,2023-04-07,5231.85,midmarket
CUST-001172,Zoran Lindqvist,zoran.lindqvist@example.net,EMEA,2021-09-03,8843.14,midmarket
CUST-001173,Sven Vermeer,sven.vermeer@example.com,EMEA,2021-07-26,2551.66,smb
CUST-001174,Maja Dahl,maja.dahl@example.com,AMER,2022-04-29,5717.38,midmarket
CUST-001175,Elif Toivonen,elif.toivonen@example.com,EMEA,2024-11-15,4773.00,midmarket
CUST-001176,Tessa Schneider,tessa.schneider@example.org,APAC,2023-05-21,4313.59,midmarket
CUST-001177,Nils Kowalski,nils.kowalski@example.net,EMEA,2025-06-28,2688.69,smb
CUST-001178,Wim Eriksen,wim.eriksen@example.org,EMEA,2024-10-30,17227.25,midmarket
CUST-001179,Bruno Halvorsen,bruno.halvorsen@example.org,AMER,2021-03-02,1578.93,smb
CUST-001180,Alina Kowalski,alina.kowalski@example.org,AMER,2023-11-16,19609.11,enterprise
CUST-001181,Bruno Kowalski,bruno.kowalski@example.org,APAC,2024-02-23,79565.23,enterprise
CUST-001182,Rosa Kowalski,rosa.kowalski@example.org,EMEA,2024-01-09,12623.08,enterprise
CUST-001183,Jonas Cordova,jonas.cordova@example.org,AMER,2025-04-05,1306.55,smb
CUST-001184,Olga Vermeer,olga.vermeer@example.net,AMER,2022-05-09,41692.45,enterprise
CUST-001185,Elif Gruber,elif.gruber@example.com,APAC,2023-01-04,24250.42,enterprise
CUST-001186,Nils Ivanov,nils.ivanov@example.org,EMEA,2024-12-11,46702.17,enterprise
CUST-001187,Rosa Halvorsen,rosa.halvorsen@example.org,APAC,2023-07-14,2317.83,smb
CUST-001188,Piet Novak,piet.novak@example.com,APAC,2025-03-12,38365.24,enterprise
CUST-001189,Tessa Schneider,tessa.schneider@example.com,APAC,2021-03-30,976.22,smb
CUST-001190,Kira Kowalski,kira.kowalski@example.com,EMEA,2023-04-14,2229.78,midmarket
CUST-001191,Lars Cordova,lars.cordova@example.com,EMEA,2025-08-23,26056.85,enterprise
CUST-001192,Farid Eriksen,farid.eriksen@example.org,AMER,2025-01-18,10999.86,midmarket
CUST-001193,Elif Schneider,elif.schneider@example.net,EMEA,2022-03-04,17568.46,midmarket
CUST-001194,Ines Cordova,ines.cordova@example.com,EMEA,2025-11-03,379.66,smb
CUST-001195,Ines Gruber,ines.gruber@example.com,EMEA,2025-05-06,5903.45,midmarket
CUST-001196,Vera Cordova,vera.cordova@example.org,EMEA,2022-11-18,14805.53,midmarket
CUST-001197,Maja Falk,maja.falk@example.com,AMER,2021-05-17,601.33,smb
CUST-001198,Ines Bergmann,ines.bergmann@example.net,APAC,2024-11-11,29053.41,enterprise
CUST-001199,Sven Falk,sven.falk@example.org,EMEA,2024-11-29,416.55,smb
CUST-001200,Nils Petrov,nils.petrov@example.com,AMER,2023-03-09,12135.58,enterprise
CUST-001201,Quinn Lindqvist,quinn.lindqvist@example.org,AMER,2021-08-26,26830.57,enterprise
CUST-001202,Greta Cordova,greta.cordova@example.net,APAC,2021-05-22,922.58,smb
CUST-001203,Alina Halvorsen,alina.halvorsen@example.com,AMER,2022-09-14,6326.61,midmarket
CUST-001204,Greta Petrov,greta.petrov@example.net,AMER,2021-02-05,2262.51,smb
CUST-001205,Ines Cordova,ines.cordova@example.com,APAC,2022-01-29,9084.69,midmarket
CUST-001206,Lars Jansen,lars.jansen@example.com,APAC,2022-11-19,2531.25,smb
CUST-001207,Jonas Cordova,jonas.cordova@example.com,AMER,2023-12-20,359.07,smb
CUST-001208,Hugo Olsen,hugo.olsen@example.org,APAC,2022-04-13,994.22,smb
CUST-001209,Alina Jansen,alina.jansen@example.net,APAC,2023-03-14,41966.08,enterprise
CUST-001210,Sven Novak,sven.novak@example.net,AMER,2023-09-08,339.29,smb
CUST-001211,Farid Gruber,farid.gruber@example.net,EMEA,2023-09-27,613.14,smb
CUST-001212,Nils Adler,nils.adler@example.org,APAC,2023-09-19,1333.52,smb
CUST-001213,Maja Bergmann,maja.bergmann@example.net,AMER,2021-05-16,1014.38,smb
CUST-001214,Alina Ivanov,alina.ivanov@example.net,APAC,2025-12-24,37053.19,enterprise
CUST-001215,Nils Olsen,nils.olsen@example.org,EMEA,2025-06-19,985.28,smb
CUST-001216,Jonas Falk,jonas.falk@example.com,AMER,2021-04-19,5440.97,midmarket
CUST-001217,Vera Schneider,vera.schneider@example.com,EMEA,2024-08-25,1020.13,smb
CUST-001218,Elif Bergmann,elif.bergmann@example.net,EMEA,2024-10-29,62076.81,enterprise
CUST-001219,Vera Dahl,vera.dahl@example.com,AMER,2023-05-13,53943.55,enterprise
CUST-001220,Olga Ivanov,olga.ivanov@example.net,EMEA,2024-06-03,11388.36,midmarket
CUST-001221,Farid Halvorsen,farid.halvorsen@example.net,APAC,2022-01-19,2761.27,smb
CUST-001222,Kira Vermeer,kira.vermeer@example.net,EMEA,2022-11-16,15553.38,midmarket
CUST-001223,Carla Petrov,carla.petrov@example.com,APAC,2022-10-29,1525.26,smb
CUST-001224,Rosa Cordova,rosa.cordova@example.org,AMER,2023-12-14,15785.54,midmarket
CUST-001225,Bruno Schneider,bruno.schneider@example.net,EMEA,2021-07-03,79028.46,enterprise
CUST-001226,Jonas Novak,jonas.novak@example.com,EMEA,2021-02-14,28547.88,enterprise
CUST-001227,Piet Halvorsen,piet.halvorsen@example.net,APAC,2022-09-05,6929.74,midmarket
CUST-001228,Carla Moreau,carla.moreau@example.org,APAC,2021-06-11,1492.63,smb
CUST-001229,Zoran Toivonen,zoran.toivonen@example.org,EMEA,2025-05-27,7304.30,midmarket
CUST-001230,Farid Bergmann,farid.bergmann@example.net,AMER,2022-08-16,8894.16,midmarket
CUST-001231,Wim Eriksen,wim.eriksen@example.com,AMER,2025-05-02,17812.39,midmarket
CUST-001232,Maja Vermeer,maja.vermeer@example.com,AMER,2025-06-24,8216.09,midmarket
CUST-001233,Hugo Schneider,hugo.schneider@example.org,APAC,2025-12-07,2833.09,smb
CUST-001234,Wim Schneider,wim.schneider@example.org,EMEA,2021-07-08,816.40,smb
CUST-001235,Alina Rossi,alina.rossi@example.com,AMER,2023-09-22,47579.82,enterprise
CUST-001236,Rosa Cordova,rosa.cordova@example.org,AMER,2024-10-15,17369.14,midmarket
CUST-001237,Elif Kowalski,elif.kowalski@example.com,AMER,2021-02-04,2874.28,midmarket
CUST-001238,Ulrich Gruber,ulrich.gruber@example.org,AMER,2025-05-28,16654.39,midmarket
CUST-001239,Hugo Olsen,hugo.olsen@example.net,AMER,2024-04-14,15486.56,midmarket
CUST-001240,Vera Lindqvist,vera.lindqvist@example.com,APAC,2022-02-19,1679.07,smb
CUST-001241,Wim Ivanov,wim.ivanov@example.org,EMEA,2023-07-22,9347.21,midmarket
CUST-001242,Greta Dahl,greta.dahl@example.org,AMER,2021-07-23,2249.55,smb
CUST-001243,Dmitri Cordova,dmitri.cordova@example.com,EMEA,2025-03-23,22371.90,enterprise
CUST-001244,Dmitri Olsen,dmitri.olsen@example.org,EMEA,2024-02-14,5262.31,midmarket
CUST-001245,Quinn Lindqvist,quinn.lindqvist@example.com,EMEA,2021-06-16,754.98,smb
CUST-001246,Elif Adler,elif.adler@example.org,APAC,2023-03-15,1253.82,smb
CUST-001247,Lars Novak,lars.novak@example.org,APAC,2023-05-16,68189.37,enterprise
CUST-001248,Olga Adler,olga.adler@example.com,EMEA,2024-07-25,15023.28,midmarket
CUST-001249,Nils Lindqvist,nils.lindqvist@example.org,AMER,2021-09-20,77828.76,enterprise
CUST-001250,Zoran Lindqvist,zoran.lindqvist@example.org,APAC,2024-05-17,36863.56,enterprise
CUST-001251,Yara Schneider,yara.schneider@example.net,EMEA,2025-12-15,17297.00,midmarket
CUST-001252,Tessa Cordova,tessa.cordova@example.net,AMER,2022-07-22,30507.81,enterprise
CUST-001253,Olga Rossi,olga.rossi@example.com,APAC,2023-03-11,16892.94,enterprise
CUST-001254,Alina Schneider,alina.schneider@example.net,EMEA,2023-02-04,7180.96,midmarket
CUST-001255,Farid Novak,farid.novak@example.org,APAC,2024-07-18,6155.70,midmarket
CUST-001256,Carla Rossi,carla.rossi@example.com,AMER,2025-04-30,2922.70,smb
CUST-001257,Ines Cordova,ines.cordova@example.net,APAC,2025-02-14,550.99,smb
CUST-001258,Ines Schneider,ines.schneider@example.net,EMEA,2024-01-19,327.16,smb
CUST-001259,Tessa Vermeer,tessa.vermeer@example.com,EMEA,2023-12-11,6597.29,midmarket
CUST-001260,Alina Novak,alina.novak@example.net,AMER,2021-07-10,10972.64,midmarket
CUST-001261,Rosa Eriksen,rosa.eriksen@example.com,APAC,2024-03-14,7816.73,midmarket
CUST-001262,Ines Lindqvist,ines.lindqvist@example.net,APAC,2024-03-10,27452.39,enterprise
CUST-001263,Dmitri Lindqvist,dmitri.lindqvist@example.org,APAC,2024-04-16,2160.43,smb
CUST-001264,Yara Halvorsen,yara.halvorsen@example.com,AMER,2021-05-16,33144.89,enterprise
CUST-001265,Wim Moreau,wim.moreau@example.net,APAC,2022-10-21,72596.24,enterprise
CUST-001266,Greta Vermeer,greta.vermeer@example.net,EMEA,2022-08-01,711.20,smb
CUST-001267,Kira Cordova,kira.cordova@example.org,EMEA,2024-11-17,2937.46,smb
CUST-001268,Farid Olsen,farid.olsen@example.com,APAC,2025-09-27,25534.53,enterprise
CUST-001269,Farid Olsen,farid.olsen@example.net,EMEA,2023-07-01,2571.87,smb
CUST-001270,Yara Jansen,yara.jansen@example.net,APAC,2022-09-05,5212.22,midmarket
CUST-001271,Wim Falk,wim.falk@example.com,AMER,2024-07-20,2352.00,smb
CUST-001272,Zoran Petrov,zoran.petrov@example.com,APAC,2021-02-25,354.75,smb
CUST-001273,Bruno Novak,bruno.novak@example.org,EMEA,2021-03-21,35632.76,enterprise
CUST-001274,Ines Jansen,ines.jansen@example.net,EMEA,2022-10-24,1121.76,smb
CUST-001275,Piet Olsen,piet.olsen@example.com,APAC,2021-06-06,15768.25,midmarket
CUST-001276,Nils Toivonen,nils.toivonen@example.net,AMER,2021-11-09,74932.95,enterprise
CUST-001277,Piet Petrov,piet.petrov@example.net,AMER,2022-07-28,9998.84,midmarket
CUST-001278,Maja Falk,maja.falk@example.org,EMEA,2023-10-27,725.95,smb
CUST-001279,Yara Rossi,yara.rossi@example.com,APAC,2025-08-02,16707.06,midmarket
CUST-001280,Sven Ivanov,sven.ivanov@example.org,EMEA,2023-08-07,8036.39,enterprise
CUST-001281,Yara Toivonen,yara.toivonen@example.com,EMEA,2021-12-10,2640.23,midmarket
CUST-001282,Quinn Falk,quinn.falk@example.org,APAC,2023-01-01,38567.38,enterprise
CUST-001283,Rosa Halvorsen,rosa.halvorsen@example.com,EMEA,2023-09-11,599.28,smb
CUST-001284,Kira Olsen,kira.olsen@example.org,AMER,2021-04-02,46180.56,enterprise
CUST-001285,Carla Falk,carla.falk@example.net,APAC,2021-08-06,2949.73,smb
CUST-001286,Piet Bergmann,piet.bergmann@example.org,APAC,2025-07-31,25496.00,enterprise
CUST-001287,Hugo Toivonen,hugo.toivonen@example.org,APAC,2025-02-04,22868.62,enterprise
CUST-001288,Olga Novak,olga.novak@example.com,EMEA,2025-07-23,620.43,smb
CUST-001289,Jonas Bergmann,jonas.bergmann@example.org,EMEA,2022-08-03,1553.95,smb
CUST-001290,Carla Petrov,carla.petrov@example.net,EMEA,2021-01-25,21270.87,enterprise
CUST-001291,Zoran Cordova,zoran.cordova@example.org,APAC,2021-10-11,6094.04,midmarket
CUST-001292,Ines Jansen,ines.jansen@example.net,EMEA,2023-12-08,16978.60,midmarket
CUST-001293,Dmitri Adler,dmitri.adler@example.net,APAC,2023-11-06,75802.32,enterprise
CUST-001294,Tessa Jansen,tessa.jansen@example.net,APAC,2025-10-30,73363.11,enterprise
CUST-001295,Hugo Bergmann,hugo.bergmann@example.net,EMEA,2021-02-20,7784.16,midmarket
CUST-001296,Farid Adler,farid.adler@example.net,APAC,2022-07-20,2003.30,smb
CUST-001297,Piet Moreau,piet.moreau@example.net,APAC,2025-02-21,2260.83,smb
CUST-001298,Elif Adler,elif.adler@example.org,EMEA,2023-11-21,14353.00,midmarket
CUST-001299,Jonas Ivanov,jonas.ivanov@example.com,AMER,2021-03-27,32461.83,enterprise
CUST-001300,Ines Adler,ines.adler@example.org,AMER,2024-03-04,51948.77,enterprise
CUST-001301,Hugo Falk,hugo.falk@example.net,APAC,2022-12-17,1905.56,smb
CUST-001302,Piet Gruber,piet.gruber@example.org,EMEA,2021-10-27,5768.68,midmarket
CUST-001303,Elif Moreau,elif.moreau@example.net,EMEA,2023-10-12,42600.64,enterprise
CUST-001304,Olga Cordova,olga.cordova@example.org,APAC,2023-04-05,2035.34,smb
CUST-001305,Greta Olsen,greta.olsen@example.net,EMEA,2021-04-17,21706.50,enterprise
CUST-001306,Piet Gruber,piet.gruber@example.net,AMER,2022-01-26,12510.03,midmarket
CUST-001307,Maja Falk,maja.falk@example.net,APAC,2025-10-28,5735.29,midmarket
CUST-001308,Ulrich Jansen,ulrich.jansen@example.org,AMER,2025-10-22,2341.70,smb
CUST-001309,Rosa Falk,rosa.falk@example.com,APAC,2023-03-08,12495.77,midmarket
CUST-001310,Nils Jansen,nils.jansen@example.org,APAC,2024-03-28,1003.54,smb
CUST-001311,Bruno Ivanov,bruno.ivanov@example.org,EMEA,2025-06-19,15735.69,midmarket
CUST-001312,Wim Jansen,wim.jansen@example.net,APAC,2022-06-28,2740.17,smb
CUST-001313,Quinn Moreau,quinn.moreau@example.com,APAC,2021-11-27,71806.29,enterprise
CUST-001314,Lars Adler,lars.adler@example.org,APAC,2024-07-22,2959.00,smb
CUST-001315,Alina Gruber,alina.gruber@example.net,AMER,2025-08-26,59809.98,enterprise
CUST-001316,Piet Ivanov,piet.ivanov@example.net,APAC,2024-04-28,2276.01,smb
CUST-001317,Wim Lindqvist,wim.lindqvist@example.com,APAC,2023-07-23,12105.38,midmarket
CUST-001318,Farid Olsen,farid.olsen@example.org,APAC,2025-04-14,2502.11,smb
CUST-001319,Jonas Bergmann,jonas.bergmann@example.org,AMER,2025-09-30,61589.74,enterprise
CUST-001320,Nils Falk,nils.falk@example.org,AMER,2022-05-28,452.21,smb
CUST-001321,Alina Eriksen,alina.eriksen@example.org,APAC,2024-04-08,23963.39,enterprise
CUST-001322,Nils Falk,nils.falk@example.net,AMER,2025-04-11,15169.27,midmarket
CUST-001323,Dmitri Cordova,dmitri.cordova@example.org,AMER,2023-02-11,13508.48,midmarket
CUST-001324,Olga Vermeer,olga.vermeer@example.org,AMER,2024-08-26,10921.70,midmarket
CUST-001325,Sven Eriksen,sven.eriksen@example.com,EMEA,2021-01-29,68436.61,enterprise
CUST-001326,Vera Bergmann,vera.bergmann@example.org,APAC,2025-07-18,17939.53,midmarket
CUST-001327,Sven Gruber,sven.gruber@example.org,AMER,2022-11-15,10715.38,midmarket
CUST-001328,Piet Vermeer,piet.vermeer@example.org,AMER,2021-07-30,3069.90,midmarket
CUST-001329,Ines Novak,ines.novak@example.net,EMEA,2025-11-08,10002.35,midmarket
CUST-001330,Vera Lindqvist,vera.lindqvist@example.com,AMER,2021-09-14,10661.80,midmarket
CUST-001331,Tessa Bergmann,tessa.bergmann@example.org,EMEA,2022-01-14,16635.32,midmarket
CUST-001332,Zoran Petrov,zoran.petrov@example.net,EMEA,2024-07-23,2113.02,midmarket
CUST-001333,Nils Kowalski,nils.kowalski@example.com,APAC,2022-11-27,16052.17,midmarket
CUST-001334,Bruno Kowalski,bruno.kowalski@example.org,EMEA,2024-11-07,55445.19,enterprise
CUST-001335,Ulrich Kowalski,ulrich.kowalski@example.com,APAC,2022-09-17,15159.00,midmarket
CUST-001336,Maja Dahl,maja.dahl@example.org,AMER,2023-06-10,2323.54,smb
CUST-001337,Elif Jansen,elif.jansen@example.net,AMER,2023-12-09,13800.06,midmarket
CUST-001338,Farid Rossi,farid.rossi@example.com,EMEA,2021-12-23,12497.91,midmarket
CUST-001339,Tessa Jansen,tessa.jansen@example.com,APAC,2024-07-24,57816.20,enterprise
CUST-001340,Vera Novak,vera.novak@example.com,EMEA,2024-01-30,4649.05,midmarket
CUST-001341,Nils Ivanov,nils.ivanov@example.org,EMEA,2022-01-24,2286.58,smb
CUST-001342,Elif Toivonen,elif.toivonen@example.net,APAC,2023-03-21,1063.32,smb
CUST-001343,Yara Jansen,yara.jansen@example.net,APAC,2025-02-12,2213.49,smb
CUST-001344,Kira Dahl,kira.dahl@example.com,APAC,2025-12-13,58611.27,enterprise
CUST-001345,Bruno Halvorsen,bruno.halvorsen@example.com,AMER,2025-09-05,25041.50,enterprise
CUST-001346,Hugo Rossi,hugo.rossi@example.org,EMEA,2022-08-17,6375.18,midmarket
CUST-001347,Maja Adler,maja.adler@example.com,AMER,2021-04-28,304.82,smb
CUST-001348,Vera Adler,vera.adler@example.com,APAC,2023-12-18,2590.55,smb
CUST-001349,Jonas Ivanov,jonas.ivanov@example.net,AMER,2025-04-08,52381.37,enterprise
CUST-001350,Jonas Eriksen,jonas.eriksen@example.net,APAC,2021-11-11,36345.53,enterprise
CUST-001351,Bruno Ivanov,bruno.ivanov@example.com,AMER,2021-08-09,6748.28,midmarket
CUST-001352,Nils Novak,nils.novak@example.net,AMER,2024-05-27,6417.44,midmarket
CUST-001353,Lars Dahl,lars.dahl@example.org,APAC,2022-01-25,1273.76,smb
CUST-001354,Nils Kowalski,nils.kowalski@example.org,EMEA,2021-01-31,2986.91,smb
CUST-001355,Greta Halvorsen,greta.halvorsen@example.com,APAC,2025-09-30,20706.35,enterprise
CUST-001356,Bruno Petrov,bruno.petrov@example.com,APAC,2024-10-29,11229.88,enterprise
CUST-001357,Sven Moreau,sven.moreau@example.net,AMER,2024-05-10,15147.48,midmarket
CUST-001358,Sven Rossi,sven.rossi@example.org,EMEA,2024-03-03,2976.32,smb
CUST-001359,Olga Gruber,olga.gruber@example.com,AMER,2024-12-23,56754.22,enterprise
CUST-001360,Greta Lindqvist,greta.lindqvist@example.org,AMER,2025-04-05,2124.51,smb
CUST-001361,Olga Halvorsen,olga.halvorsen@example.org,APAC,2021-10-03,55806.56,enterprise
CUST-001362,Ines Vermeer,ines.vermeer@example.com,EMEA,2023-11-06,792.07,smb
CUST-001363,Wim Bergmann,wim.bergmann@example.org,AMER,2024-06-16,1551.51,smb
CUST-001364,Ulrich Kowalski,ulrich.kowalski@example.net,AMER,2022-05-23,4323.90,midmarket
CUST-001365,Olga Vermeer,olga.vermeer@example.org,EMEA,2025-12-21,3958.16,midmarket
CUST-001366,Kira Kowalski,kira.kowalski@example.org,EMEA,2024-08-11,1749.57,smb
CUST-001367,Kira Vermeer,kira.vermeer@example.com,EMEA,2025-09-03,15376.37,midmarket
CUST-001368,Wim Jansen,wim.jansen@example.org,APAC,2022-10-30,7248.60,midmarket
CUST-001369,Bruno Ivanov,bruno.ivanov@example.net,AMER,2022-09-16,22326.12,enterprise
CUST-001370,Bruno Novak,bruno.novak@example.com,EMEA,2025-05-28,1234.34,smb
CUST-001371,Bruno Halvorsen,bruno.halvorsen@example.org,AMER,2025-12-04,67763.97,enterprise
CUST-001372,Bruno Vermeer,bruno.vermeer@example.net,AMER,2023-09-12,7144.59,midmarket
CUST-001373,Wim Schneider,wim.schneider@example.net,EMEA,2023-04-19,1496.16,smb
CUST-001374,Quinn Dahl,quinn.dahl@example.net,AMER,2021-11-30,8910.29,midmarket
CUST-001375,Sven Eriksen,sven.eriksen@example.org,AMER,2025-01-22,12176.73,midmarket
CUST-001376,Lars Adler,lars.adler@example.net,EMEA,2022-12-25,11572.50,enterprise
CUST-001377,Carla Petrov,carla.petrov@example.org,EMEA,2024-08-21,813.83,smb
CUST-001378,Ulrich Olsen,ulrich.olsen@example.org,EMEA,2025-05-16,79804.06,enterprise
CUST-001379,Wim Ivanov,wim.ivanov@example.com,APAC,2024-04-20,500.49,smb
CUST-001380,Farid Olsen,farid.olsen@example.com,APAC,2023-10-04,2461.55,smb
CUST-001381,Piet Ivanov,piet.ivanov@example.net,AMER,2023-09-07,62892.96,enterprise
CUST-001382,Quinn Dahl,quinn.dahl@example.org,AMER,2024-11-01,898.31,smb
CUST-001383,Sven Gruber,sven.gruber@example.com,APAC,2023-03-24,68901.83,enterprise
CUST-001384,Zoran Gruber,zoran.gruber@example.net,EMEA,2024-07-02,43710.79,enterprise
CUST-001385,Maja Halvorsen,maja.halvorsen@example.net,APAC,2021-06-26,2627.01,smb
CUST-001386,Farid Cordova,farid.cordova@example.org,EMEA,2022-02-19,1231.34,smb
CUST-001387,Quinn Toivonen,quinn.toivonen@example.net,AMER,2025-12-20,1072.40,smb
CUST-001388,Zoran Eriksen,zoran.eriksen@example.net,EMEA,2025-05-01,49296.62,enterprise
CUST-001389,Vera Petrov,vera.petrov@example.com,APAC,2021-07-05,4560.68,midmarket
CUST-001390,Alina Gruber,alina.gruber@example.net,EMEA,2021-11-17,15896.27,midmarket
CUST-001391,Carla Rossi,carla.rossi@example.com,AMER,2022-11-19,46540.04,enterprise
CUST-001392,Wim Adler,wim.adler@example.net,APAC,2025-11-14,7249.96,midmarket
CUST-001393,Elif Bergmann,elif.bergmann@example.org,EMEA,2022-05-10,1179.24,smb
CUST-001394,Lars Schneider,lars.schneider@example.net,APAC,2021-01-22,869.48,smb
CUST-001395,Yara Rossi,yara.rossi@example.org,AMER,2023-11-15,66645.36,enterprise
CUST-001396,Carla Vermeer,carla.vermeer@example.org,APAC,2025-02-11,2853.00,smb
CUST-001397,Alina Lindqvist,alina.lindqvist@example.com,APAC,2024-05-20,3461.62,midmarket
CUST-001398,Carla Cordova,carla.cordova@example.net,AMER,2021-02-27,47092.31,enterprise
CUST-001399,Olga Vermeer,olga.vermeer@example.org,APAC,2023-08-17,613.11,smb
CUST-001400,Lars Olsen,lars.olsen@example.net,APAC,2025-03-08,17852.73,enterprise
CUST-001401,Piet Kowalski,piet.kowalski@example.org,APAC,2023-02-17,1030.12,smb
CUST-001402,Dmitri Cordova,dmitri.cordova@example.org,AMER,2023-09-11,69050.81,enterprise
CUST-001403,Lars Petrov,lars.petrov@example.com,EMEA,2022-04-20,3725.84,midmarket
CUST-001404,Nils Vermeer,nils.vermeer@example.org,AMER,2023-12-23,15667.86,midmarket
CUST-001405,Vera Toivonen,vera.toivonen@example.com,APAC,2021-06-26,10704.30,enterprise
CUST-001406,Elif Schneider,elif.schneider@example.org,APAC,2023-10-14,5803.93,midmarket
CUST-001407,Maja Cordova,maja.cordova@example.com,AMER,2023-07-18,47730.36,enterprise
CUST-001408,Yara Lindqvist,yara.lindqvist@example.com,EMEA,2025-05-29,2287.18,smb
CUST-001409,Wim Ivanov,wim.ivanov@example.net,AMER,2022-08-27,1544.19,smb
CUST-001410,Maja Olsen,maja.olsen@example.com,AMER,2025-06-06,19151.87,enterprise
CUST-001411,Nils Vermeer,nils.vermeer@example.com,APAC,2021-06-11,4089.83,midmarket
CUST-001412,Farid Jansen,farid.jansen@example.net,APAC,2022-04-06,15342.54,midmarket
CUST-001413,Vera Kowalski,vera.kowalski@example.com,AMER,2022-02-05,2849.66,smb
CUST-001414,Bruno Kowalski,bruno.kowalski@example.com,EMEA,2024-12-27,1929.45,smb
CUST-001415,Hugo Jansen,hugo.jansen@example.net,EMEA,2023-01-09,76680.84,enterprise
CUST-001416,Wim Gruber,wim.gruber@example.net,EMEA,2024-08-21,921.54,smb
CUST-001417,Yara Kowalski,yara.kowalski@example.com,APAC,2025-08-24,17873.93,enterprise
CUST-001418,Rosa Novak,rosa.novak@example.net,APAC,2024-06-13,36333.19,enterprise
CUST-001419,Carla Lindqvist,carla.lindqvist@example.org,APAC,2022-09-18,63824.84,enterprise
CUST-001420,Ines Gruber,ines.gruber@example.net,EMEA,2022-10-20,2798.44,smb
CUST-001421,Quinn Bergmann,quinn.bergmann@example.com,APAC,2024-03-21,14153.15,midmarket
CUST-001422,Lars Falk,lars.falk@example.com,EMEA,2021-09-24,2897.64,smb
CUST-001423,Greta Dahl,greta.dahl@example.net,APAC,2022-11-11,7136.62,midmarket
CUST-001424,Quinn Adler,quinn.adler@example.net,AMER,2023-08-17,40616.46,enterprise
CUST-001425,Ines Kowalski,ines.kowalski@example.org,EMEA,2024-01-28,1804.69,smb
CUST-001426,Kira Jansen,kira.jansen@example.org,AMER,2025-11-07,8253.73,midmarket
CUST-001427,Piet Olsen,piet.olsen@example.net,EMEA,2024-11-16,40449.38,enterprise
CUST-001428,Rosa Falk,rosa.falk@example.net,EMEA,2025-03-30,13292.46,midmarket
CUST-001429,Dmitri Dahl,dmitri.dahl@example.net,APAC,2025-07-06,15740.38,enterprise
CUST-001430,Ulrich Jansen,ulrich.jansen@example.com,AMER,2022-11-10,2686.38,smb
CUST-001431,Zoran Jansen,zoran.jansen@example.org,EMEA,2023-05-31,11067.31,midmarket
CUST-001432,Bruno Eriksen,bruno.eriksen@example.net,AMER,2025-06-29,54512.78,enterprise
CUST-001433,Farid Novak,farid.novak@example.org,EMEA,2022-01-11,2245.89,smb
CUST-001434,Farid Bergmann,farid.bergmann@example.com,EMEA,2021-09-06,719.59,smb
CUST-001435,Farid Eriksen,farid.eriksen@example.org,AMER,2021-08-01,2943.70,smb
CUST-001436,Olga Halvorsen,olga.halvorsen@example.com,EMEA,2025-08-29,17937.20,midmarket
CUST-001437,Nils Cordova,nils.cordova@example.net,AMER,2022-11-29,1964.97,smb
CUST-001438,Bruno Schneider,bruno.schneider@example.com,AMER,2023-05-10,17520.38,enterprise
CUST-001439,Maja Adler,maja.adler@example.com,EMEA,2021-07-15,59030.25,enterprise
CUST-001440,Olga Moreau,olga.moreau@example.com,EMEA,2021-11-05,1929.36,smb
CUST-001441,Bruno Jansen,bruno.jansen@example.net,AMER,2023-05-08,20998.28,enterprise
CUST-001442,Maja Eriksen,maja.eriksen@example.com,EMEA,2022-12-22,72765.91,enterprise
CUST-001443,Tessa Petrov,tessa.petrov@example.net,APAC,2023-09-05,9347.08,enterprise
CUST-001444,Quinn Petrov,quinn.petrov@example.com,AMER,2023-03-20,1660.58,smb
CUST-001445,Wim Cordova,wim.cordova@example.com,APAC,2025-12-19,32147.70,enterprise
CUST-001446,Nils Petrov,nils.petrov@example.net,APAC,2023-04-29,3279.95,midmarket
CUST-001447,Tessa Adler,tessa.adler@example.net,APAC,2023-01-27,17045.18,midmarket
CUST-001448,Piet Bergmann,piet.bergmann@example.org,EMEA,2021-07-14,40515.43,enterprise
CUST-001449,Dmitri Vermeer,dmitri.vermeer@example.net,APAC,2025-04-27,10055.81,midmarket
CUST-001450,Tessa Schneider,tessa.schneider@example.com,APAC,2022-12-01,2777.19,smb
CUST-001451,Yara Vermeer,yara.vermeer@example.org,EMEA,2022-01-07,2892.24,smb
CUST-001452,Hugo Gruber,hugo.gruber@example.com,AMER,2021-02-05,364.57,smb
CUST-001453,Vera Dahl,vera.dahl@example.com,EMEA,2022-06-08,79909.86,enterprise
CUST-001454,Hugo Schneider,hugo.schneider@example.net,AMER,2022-03-03,67862.59,enterprise
CUST-001455,Zoran Moreau,zoran.moreau@example.com,AMER,2021-08-24,2029.80,midmarket
CUST-001456,Maja Adler,maja.adler@example.com,AMER,2023-07-23,373.70,smb
CUST-001457,Wim Novak,wim.novak@example.org,EMEA,2022-05-12,679.50,smb
CUST-001458,Tessa Lindqvist,tessa.lindqvist@example.com,EMEA,2023-11-30,1423.19,smb
CUST-001459,Bruno Dahl,bruno.dahl@example.com,APAC,2024-02-27,14189.23,midmarket
CUST-001460,Vera Lindqvist,vera.lindqvist@example.org,AMER,2025-03-11,25628.44,enterprise
CUST-001461,Olga Schneider,olga.schneider@example.org,EMEA,2021-09-26,364.54,smb
CUST-001462,Jonas Cordova,jonas.cordova@example.com,EMEA,2024-07-22,15799.37,midmarket
CUST-001463,Nils Petrov,nils.petrov@example.org,APAC,2024-03-30,2907.17,smb
CUST-001464,Hugo Moreau,hugo.moreau@example.net,AMER,2022-11-18,2904.51,smb
CUST-001465,Carla Novak,carla.novak@example.org,EMEA,2025-03-07,12301.76,midmarket
CUST-001466,Piet Olsen,piet.olsen@example.org,APAC,2021-02-27,4825.46,midmarket
CUST-001467,Ines Petrov,ines.petrov@example.com,AMER,2023-11-15,9795.13,enterprise
CUST-001468,Lars Rossi,lars.rossi@example.org,AMER,2025-08-18,8552.80,midmarket
CUST-001469,Hugo Falk,hugo.falk@example.org,EMEA,2023-08-31,911.86,smb
CUST-001470,Elif Lindqvist,elif.lindqvist@example.net,APAC,2021-10-21,1228.54,smb
CUST-001471,Bruno Vermeer,bruno.vermeer@example.org,EMEA,2021-05-30,888.17,smb
CUST-001472,Sven Olsen,sven.olsen@example.net,APAC,2024-09-22,2106.76,smb
CUST-001473,Sven Kowalski,sven.kowalski@example.net,AMER,2021-01-16,9736.73,midmarket
CUST-001474,Ines Dahl,ines.dahl@example.net,AMER,2025-03-08,23562.03,enterprise
CUST-001475,Vera Cordova,vera.cordova@example.com,APAC,2024-06-19,1369.49,smb
CUST-001476,Vera Gruber,vera.gruber@example.org,AMER,2024-11-12,33130.39,enterprise
CUST-001477,Greta Halvorsen,greta.halvorsen@example.net,APAC,2021-05-02,7925.26,midmarket
CUST-001478,Greta Kowalski,greta.kowalski@example.org,APAC,2024-11-20,14932.58,midmarket
CUST-001479,Hugo Eriksen,hugo.eriksen@example.com,EMEA,2024-10-10,1466.18,smb
CUST-001480,Dmitri Eriksen,dmitri.eriksen@example.org,APAC,2023-01-18,53788.12,enterprise
CUST-001481,Nils Gruber,nils.gruber@example.org,APAC,2023-11-14,79461.94,enterprise
CUST-001482,Alina Kowalski,alina.kowalski@example.net,EMEA,2022-11-03,11929.44,midmarket
CUST-001483,Elif Eriksen,elif.eriksen@example.org,APAC,2024-10-31,1435.22,smb
CUST-001484,Olga Novak,olga.novak@example.org,EMEA,2025-04-12,14129.44,midmarket
CUST-001485,Jonas Kowalski,jonas.kowalski@example.org,APAC,2022-01-15,8825.70,midmarket
CUST-001486,Elif Gruber,elif.gruber@example.com,AMER,2024-03-04,16934.05,midmarket
CUST-001487,Carla Dahl,carla.dahl@example.com,AMER,2022-10-02,2556.12,smb
CUST-001488,Elif Gruber,elif.gruber@example.net,APAC,2021-05-03,9672.24,midmarket
CUST-001489,Maja Olsen,maja.olsen@example.org,APAC,2023-05-26,462.28,smb
CUST-001490,Ulrich Olsen,ulrich.olsen@example.net,EMEA,2022-05-29,1425.66,smb
CUST-001491,Tessa Rossi,tessa.rossi@example.org,EMEA,2021-08-02,70422.94,enterprise
CUST-001492,Kira Rossi,kira.rossi@example.org,AMER,2021-10-28,3476.47,midmarket
CUST-001493,Nils Petrov,nils.petrov@example.org,APAC,2023-01-30,4329.38,midmarket
CUST-001494,Olga Dahl,olga.dahl@example.org,EMEA,2023-10-04,14437.65,midmarket
CUST-001495,Lars Schneider,lars.schneider@example.org,AMER,2025-02-26,42517.69,enterprise
CUST-001496,Alina Lindqvist,alina.lindqvist@example.com,AMER,2025-08-06,66104.10,enterprise
CUST-001497,Piet Petrov,piet.petrov@example.com,EMEA,2024-09-10,1770.78,smb
CUST-001498,Bruno Toivonen,bruno.toivonen@example.com,EMEA,2021-07-14,71078.17,enterprise
CUST-001499,Alina Toivonen,alina.toivonen@example.org,AMER,2024-09-16,1325.02,smb
CUST-001500,Quinn Kowalski,quinn.kowalski@example.org,APAC,2023-05-11,1161.57,smb
CUST-001501,Carla Toivonen,carla.toivonen@example.org,EMEA,2022-04-29,12348.50,enterprise
CUST-001502,Rosa Schneider,rosa.schneider@example.com,AMER,2024-04-28,25446.59,enterprise
CUST-001503,Dmitri Kowalski,dmitri.kowalski@example.org,EMEA,2023-09-09,596.18,smb
CUST-001504,Tessa Adler,tessa.adler@example.com,APAC,2022-04-15,24973.86,enterprise
CUST-001505,Hugo Toivonen,hugo.toivonen@example.org,AMER,2023-05-21,6504.65,midmarket
CUST-001506,Ines Novak,ines.novak@example.org,AMER,2024-04-03,1707.32,smb
CUST-001507,Quinn Jansen,quinn.jansen@example.net,EMEA,2024-12-11,31921.07,enterprise
CUST-001508,Olga Novak,olga.novak@example.net,EMEA,2023-06-30,15103.46,midmarket
CUST-001509,Maja Falk,maja.falk@example.org,EMEA,2021-04-20,1822.64,smb
CUST-001510,Kira Kowalski,kira.kowalski@example.com,EMEA,2024-11-25,2241.37,smb
CUST-001511,Dmitri Dahl,dmitri.dahl@example.com,EMEA,2023-01-16,1781.20,smb
CUST-001512,Nils Falk,nils.falk@example.net,AMER,2022-03-22,53832.11,enterprise
CUST-001513,Vera Olsen,vera.olsen@example.net,AMER,2022-08-27,23334.75,enterprise
CUST-001514,Wim Lindqvist,wim.lindqvist@example.com,APAC,2021-08-04,68637.67,enterprise
CUST-001515,Zoran Ivanov,zoran.ivanov@example.com,APAC,2021-03-20,1438.68,smb
CUST-001516,Rosa Bergmann,rosa.bergmann@example.org,EMEA,2024-03-03,391.53,smb
CUST-001517,Hugo Jansen,hugo.jansen@example.com,EMEA,2024-05-02,15090.61,midmarket
CUST-001518,Farid Moreau,farid.moreau@example.com,EMEA,2022-02-17,664.55,smb
CUST-001519,Rosa Toivonen,rosa.toivonen@example.net,EMEA,2024-09-03,5734.74,midmarket
CUST-001520,Farid Cordova,farid.cordova@example.org,EMEA,2022-06-27,12270.38,midmarket
CUST-001521,Olga Gruber,olga.gruber@example.org,AMER,2025-11-16,11154.05,midmarket
CUST-001522,Wim Dahl,wim.dahl@example.net,APAC,2025-08-30,14978.20,enterprise
CUST-001523,Farid Toivonen,farid.toivonen@example.net,AMER,2025-03-28,12360.22,enterprise
CUST-001524,Wim Rossi,wim.rossi@example.org,APAC,2025-10-19,2392.48,smb
CUST-001525,Wim Jansen,wim.jansen@example.com,EMEA,2025-03-20,1791.47,smb
CUST-001526,Kira Jansen,kira.jansen@example.com,APAC,2021-11-09,15173.21,midmarket
CUST-001527,Dmitri Moreau,dmitri.moreau@example.net,EMEA,2024-09-02,28914.09,enterprise
CUST-001528,Ines Olsen,ines.olsen@example.org,APAC,2023-03-19,53484.03,enterprise
CUST-001529,Lars Eriksen,lars.eriksen@example.org,EMEA,2024-08-15,53893.27,enterprise
CUST-001530,Jonas Moreau,jonas.moreau@example.org,EMEA,2025-03-26,21616.31,enterprise
CUST-001531,Wim Jansen,wim.jansen@example.net,APAC,2023-09-22,24812.96,enterprise
CUST-001532,Tessa Olsen,tessa.olsen@example.com,APAC,2025-03-20,51279.85,enterprise
CUST-001533,Piet Ivanov,piet.ivanov@example.com,AMER,2023-09-15,2578.05,smb
CUST-001534,Ines Halvorsen,ines.halvorsen@example.net,EMEA,2023-01-09,1983.53,smb
CUST-001535,Tessa Petrov,tessa.petrov@example.org,APAC,2021-10-14,16496.39,midmarket
CUST-001536,Olga Dahl,olga.dahl@example.net,EMEA,2023-05-23,2123.89,smb
CUST-001537,Vera Rossi,vera.rossi@example.org,APAC,2024-01-17,17665.78,midmarket
CUST-001538,Olga Schneider,olga.schneider@example.net,EMEA,2025-07-30,314.62,smb
CUST-001539,Farid Moreau,farid.moreau@example.org,AMER,2023-04-02,35719.82,enterprise
CUST-001540,Tessa Schneider,tessa.schneider@example.com,AMER,2022-03-31,16479.82,midmarket
CUST-001541,Greta Dahl,greta.dahl@example.org,APAC,2025-12-04,11828.14,midmarket
CUST-001542,Rosa Eriksen,rosa.eriksen@example.net,EMEA,2025-09-05,32272.00,enterprise
CUST-001543,Piet Cordova,piet.cordova@example.org,AMER,2021-01-04,8837.11,enterprise
CUST-001544,Sven Kowalski,sven.kowalski@example.org,EMEA,2024-06-17,2706.63,smb
CUST-001545,Elif Novak,elif.novak@example.org,EMEA,2022-11-20,10754.58,midmarket
CUST-001546,Elif Novak,elif.novak@example.org,EMEA,2025-10-13,55906.97,enterprise
CUST-001547,Elif Petrov,elif.petrov@example.org,EMEA,2022-11-05,24723.31,enterprise
CUST-001548,Maja Vermeer,maja.vermeer@example.com,AMER,2021-02-26,2694.67,smb
CUST-001549,Ulrich Kowalski,ulrich.kowalski@example.com,APAC,2021-11-14,74985.09,enterprise
CUST-001550,Tessa Adler,tessa.adler@example.net,EMEA,2023-09-13,16110.35,midmarket
CUST-001551,Dmitri Eriksen,dmitri.eriksen@example.com,EMEA,2023-01-11,759.70,smb
CUST-001552,Olga Rossi,olga.rossi@example.net,AMER,2022-04-05,70175.02,enterprise
CUST-001553,Sven Dahl,sven.dahl@example.org,APAC,2021-07-07,2294.07,smb
CUST-001554,Hugo Bergmann,hugo.bergmann@example.net,AMER,2021-03-04,2889.02,smb
CUST-001555,Dmitri Eriksen,dmitri.eriksen@example.org,APAC,2024-06-08,24260.14,enterprise
CUST-001556,Sven Ivanov,sven.ivanov@example.org,AMER,2025-07-19,17833.95,midmarket
CUST-001557,Maja Olsen,maja.olsen@example.com,AMER,2023-03-24,2204.25,smb
CUST-001558,Olga Kowalski,olga.kowalski@example.com,APAC,2025-12-29,17694.24,midmarket
CUST-001559,Carla Gruber,carla.gruber@example.net,APAC,2021-12-06,381.11,smb
CUST-001560,Rosa Gruber,rosa.gruber@example.com,APAC,2023-02-26,874.30,smb
CUST-001561,Maja Novak,maja.novak@example.org,APAC,2025-03-01,1560.36,smb
CUST-001562,Nils Lindqvist,nils.lindqvist@example.org,EMEA,2022-03-04,2147.89,midmarket
CUST-001563,Farid Jansen,farid.jansen@example.com,EMEA,2022-12-15,78839.31,enterprise
CUST-001564,Nils Ivanov,nils.ivanov@example.net,AMER,2023-12-11,54944.18,enterprise
CUST-001565,Jonas Novak,jonas.novak@example.net,APAC,2021-06-08,5749.88,midmarket
CUST-001566,Elif Lindqvist,elif.lindqvist@example.org,EMEA,2025-07-28,19111.78,enterprise
CUST-001567,Elif Falk,elif.falk@example.net,AMER,2023-02-06,2546.31,smb
CUST-001568,Kira Halvorsen,kira.halvorsen@example.com,EMEA,2024-07-06,8804.78,midmarket
CUST-001569,Tessa Gruber,tessa.gruber@example.com,EMEA,2025-01-20,312.58,smb
CUST-001570,Bruno Vermeer,bruno.vermeer@example.com,APAC,2025-05-19,2084.00,smb
CUST-001571,Lars Bergmann,lars.bergmann@example.com,AMER,2025-02-15,1761.90,smb
CUST-001572,Sven Olsen,sven.olsen@example.com,EMEA,2024-05-19,17663.45,enterprise
CUST-001573,Zoran Adler,zoran.adler@example.org,EMEA,2025-11-17,32802.24,enterprise
CUST-001574,Yara Eriksen,yara.eriksen@example.com,APAC,2021-05-07,10052.50,midmarket
CUST-001575,Maja Olsen,maja.olsen@example.com,EMEA,2023-07-13,16334.37,midmarket
CUST-001576,Wim Toivonen,wim.toivonen@example.org,AMER,2025-12-19,1943.38,smb
CUST-001577,Ines Bergmann,ines.bergmann@example.org,AMER,2021-08-30,12230.03,midmarket
CUST-001578,Bruno Ivanov,bruno.ivanov@example.net,EMEA,2023-07-28,62571.52,enterprise
CUST-001579,Rosa Halvorsen,rosa.halvorsen@example.org,APAC,2022-03-28,1869.39,midmarket
CUST-001580,Wim Adler,wim.adler@example.com,EMEA,2024-04-21,20230.14,enterprise
CUST-001581,Nils Adler,nils.adler@example.org,APAC,2022-02-06,59071.03,enterprise
CUST-001582,Wim Moreau,wim.moreau@example.net,AMER,2022-08-29,34730.37,enterprise
CUST-001583,Ulrich Novak,ulrich.novak@example.org,AMER,2025-05-15,363.73,smb
CUST-001584,Vera Bergmann,vera.bergmann@example.com,EMEA,2025-07-13,79703.28,enterprise
CUST-001585,Lars Olsen,lars.olsen@example.com,AMER,2025-06-30,1087.15,smb
CUST-001586,Lars Eriksen,lars.eriksen@example.net,EMEA,2022-04-05,68497.63,enterprise
CUST-001587,Sven Ivanov,sven.ivanov@example.org,EMEA,2023-11-12,15906.69,midmarket
CUST-001588,Olga Toivonen,olga.toivonen@example.com,APAC,2023-09-15,10162.88,midmarket
CUST-001589,Vera Rossi,vera.rossi@example.org,APAC,2025-04-25,68119.81,enterprise
CUST-001590,Yara Toivonen,yara.toivonen@example.org,AMER,2024-09-07,8316.26,midmarket
CUST-001591,Rosa Toivonen,rosa.toivonen@example.org,APAC,2024-10-19,16029.22,enterprise
CUST-001592,Jonas Vermeer,jonas.vermeer@example.net,APAC,2023-10-10,12695.81,midmarket
CUST-001593,Wim Schneider,wim.schneider@example.net,AMER,2021-12-21,1176.14,smb
CUST-001594,Elif Dahl,elif.dahl@example.net,EMEA,2021-10-19,679.52,smb
CUST-001595,Vera Eriksen,vera.eriksen@example.net,EMEA,2024-03-31,40900.82,enterprise
CUST-001596,Bruno Jansen,bruno.jansen@example.net,EMEA,2022-03-09,17597.25,midmarket
CUST-001597,Sven Adler,sven.adler@example.org,EMEA,2024-02-26,872.12,smb
CUST-001598,Tessa Moreau,tessa.moreau@example.com,AMER,2024-04-16,17421.10,midmarket
CUST-001599,Piet Olsen,piet.olsen@example.com,APAC,2024-10-27,30564.78,enterprise
CUST-001600,Bruno Toivonen,bruno.toivonen@example.com,AMER,2022-06-16,753.93,smb
CUST-001601,Olga Cordova,olga.cordova@example.com,APAC,2022-02-02,30115.89,enterprise
CUST-001602,Ulrich Ivanov,ulrich.ivanov@example.org,EMEA,2025-07-20,1309.66,smb
CUST-001603,Quinn Gruber,quinn.gruber@example.com,AMER,2024-09-11,1584.29,smb
CUST-001604,Ines Halvorsen,ines.halvorsen@example.com,EMEA,2024-07-04,76427.19,enterprise
CUST-001605,Vera Gruber,vera.gruber@example.net,EMEA,2023-11-20,15892.49,midmarket
CUST-001606,Carla Jansen,carla.jansen@example.org,AMER,2021-11-05,78472.86,enterprise
CUST-001607,Zoran Schneider,zoran.schneider@example.org,AMER,2024-11-26,2259.09,smb
CUST-001608,Greta Novak,greta.novak@example.org,AMER,2022-05-10,74981.19,enterprise
CUST-001609,Quinn Adler,quinn.adler@example.com,APAC,2022-12-11,2156.02,smb
CUST-001610,Hugo Vermeer,hugo.vermeer@example.net,EMEA,2024-03-25,59670.25,enterprise
CUST-001611,Carla Kowalski,carla.kowalski@example.org,AMER,2023-02-01,2025.80,midmarket
CUST-001612,Farid Bergmann,farid.bergmann@example.com,APAC,2021-01-31,52694.22,enterprise
CUST-001613,Sven Moreau,sven.moreau@example.com,AMER,2022-06-24,364.22,smb
CUST-001614,Elif Bergmann,elif.bergmann@example.com,APAC,2025-07-24,13338.71,midmarket
CUST-001615,Tessa Cordova,tessa.cordova@example.com,AMER,2025-09-20,49194.79,enterprise
CUST-001616,Kira Lindqvist,kira.lindqvist@example.com,AMER,2021-02-03,11698.00,midmarket
CUST-001617,Kira Schneider,kira.schneider@example.com,APAC,2023-02-19,2202.50,smb
CUST-001618,Elif Jansen,elif.jansen@example.com,AMER,2023-12-03,66014.68,enterprise
CUST-001619,Nils Halvorsen,nils.halvorsen@example.net,EMEA,2021-07-26,50770.47,enterprise
CUST-001620,Ulrich Ivanov,ulrich.ivanov@example.com,EMEA,2024-11-03,1747.38,smb
CUST-001621,Elif Schneider,elif.schneider@example.net,APAC,2022-11-12,9218.30,midmarket
CUST-001622,Sven Moreau,sven.moreau@example.net,AMER,2023-08-12,76015.56,enterprise
CUST-001623,Quinn Moreau,quinn.moreau@example.net,AMER,2023-12-30,2867.00,smb
CUST-001624,Jonas Kowalski,jonas.kowalski@example.org,EMEA,2025-09-12,13472.10,midmarket
CUST-001625,Vera Bergmann,vera.bergmann@example.com,AMER,2022-01-19,42582.69,enterprise
CUST-001626,Hugo Kowalski,hugo.kowalski@example.org,APAC,2021-03-10,59180.07,enterprise
CUST-001627,Piet Gruber,piet.gruber@example.com,EMEA,2022-05-21,60234.54,enterprise
CUST-001628,Piet Vermeer,piet.vermeer@example.net,EMEA,2025-12-24,2937.83,smb
CUST-001629,Nils Adler,nils.adler@example.net,EMEA,2022-03-17,6135.26,midmarket
CUST-001630,Piet Vermeer,piet.vermeer@example.com,APAC,2021-08-22,70666.85,enterprise
CUST-001631,Alina Halvorsen,alina.halvorsen@example.org,EMEA,2025-04-04,1102.32,smb
CUST-001632,Dmitri Toivonen,dmitri.toivonen@example.org,APAC,2025-04-20,51938.69,enterprise
CUST-001633,Carla Bergmann,carla.bergmann@example.org,AMER,2023-09-15,57719.68,enterprise
CUST-001634,Lars Toivonen,lars.toivonen@example.org,AMER,2024-11-14,730.80,smb
CUST-001635,Maja Jansen,maja.jansen@example.net,AMER,2021-02-17,61197.88,enterprise
CUST-001636,Quinn Ivanov,quinn.ivanov@example.com,APAC,2023-12-04,63283.31,enterprise
CUST-001637,Jonas Dahl,jonas.dahl@example.net,EMEA,2021-02-15,4847.37,midmarket
CUST-001638,Carla Vermeer,carla.vermeer@example.org,APAC,2021-02-05,1070.07,smb
CUST-001639,Quinn Bergmann,quinn.bergmann@example.net,APAC,2021-12-27,79807.90,enterprise
CUST-001640,Carla Bergmann,carla.bergmann@example.org,AMER,2025-12-23,74045.03,enterprise
CUST-001641,Rosa Vermeer,rosa.vermeer@example.com,AMER,2022-09-15,24757.18,enterprise
CUST-001642,Jonas Schneider,jonas.schneider@example.net,AMER,2024-07-26,36247.45,enterprise
CUST-001643,Dmitri Lindqvist,dmitri.lindqvist@example.org,APAC,2021-07-15,2299.48,smb
CUST-001644,Rosa Ivanov,rosa.ivanov@example.net,EMEA,2024-08-24,2681.09,smb
CUST-001645,Farid Rossi,farid.rossi@example.net,AMER,2024-06-26,4523.14,midmarket
CUST-001646,Vera Vermeer,vera.vermeer@example.net,EMEA,2021-10-14,1001.35,smb
CUST-001647,Olga Vermeer,olga.vermeer@example.org,AMER,2025-05-16,61038.94,enterprise
CUST-001648,Olga Cordova,olga.cordova@example.net,APAC,2024-11-20,451.92,smb
CUST-001649,Maja Rossi,maja.rossi@example.org,EMEA,2023-09-18,26920.07,enterprise
CUST-001650,Piet Jansen,piet.jansen@example.org,APAC,2023-11-29,28160.36,enterprise
CUST-001651,Tessa Dahl,tessa.dahl@example.net,EMEA,2022-05-19,75573.64,enterprise
CUST-001652,Quinn Jansen,quinn.jansen@example.org,EMEA,2022-04-30,29013.72,enterprise
CUST-001653,Farid Ivanov,farid.ivanov@example.com,EMEA,2024-11-18,4879.02,midmarket
CUST-001654,Farid Schneider,farid.schneider@example.net,EMEA,2023-08-17,19258.44,enterprise
CUST-001655,Tessa Halvorsen,tessa.halvorsen@example.net,APAC,2024-08-07,3037.99,midmarket
CUST-001656,Ulrich Kowalski,ulrich.kowalski@example.net,EMEA,2022-02-10,33179.81,enterprise
CUST-001657,Elif Petrov,elif.petrov@example.org,AMER,2022-09-20,2557.67,smb
CUST-001658,Quinn Kowalski,quinn.kowalski@example.com,AMER,2022-04-10,684.05,smb
CUST-001659,Kira Petrov,kira.petrov@example.com,EMEA,2021-08-27,70844.40,enterprise
CUST-001660,Yara Bergmann,yara.bergmann@example.net,AMER,2021-12-15,341.76,smb
CUST-001661,Jonas Bergmann,jonas.bergmann@example.org,EMEA,2024-11-21,7965.86,midmarket
CUST-001662,Piet Toivonen,piet.toivonen@example.org,EMEA,2022-01-20,14688.20,midmarket
CUST-001663,Farid Halvorsen,farid.halvorsen@example.net,APAC,2021-08-13,13831.87,midmarket
CUST-001664,Carla Gruber,carla.gruber@example.com,EMEA,2022-01-29,2791.88,smb
CUST-001665,Yara Falk,yara.falk@example.org,APAC,2025-03-22,50415.85,enterprise
CUST-001666,Dmitri Kowalski,dmitri.kowalski@example.com,APAC,2021-11-06,17574.15,midmarket
CUST-001667,Hugo Vermeer,hugo.vermeer@example.org,APAC,2024-02-10,935.89,smb
CUST-001668,Lars Ivanov,lars.ivanov@example.net,EMEA,2021-05-06,2658.02,midmarket
CUST-001669,Tessa Kowalski,tessa.kowalski@example.net,AMER,2022-05-14,603.04,smb
CUST-001670,Hugo Moreau,hugo.moreau@example.net,APAC,2024-09-30,14889.05,midmarket
CUST-001671,Zoran Cordova,zoran.cordova@example.org,EMEA,2025-06-11,40523.11,enterprise
CUST-001672,Quinn Rossi,quinn.rossi@example.com,APAC,2024-07-13,1574.92,smb
CUST-001673,Greta Gruber,greta.gruber@example.com,APAC,2024-08-13,8478.66,midmarket
CUST-001674,Greta Gruber,greta.gruber@example.net,EMEA,2023-08-27,1544.27,smb
CUST-001675,Hugo Cordova,hugo.cordova@example.org,EMEA,2025-11-01,11226.74,midmarket
CUST-001676,Jonas Moreau,jonas.moreau@example.net,APAC,2022-07-07,1155.69,smb
CUST-001677,Zoran Lindqvist,zoran.lindqvist@example.net,APAC,2022-10-19,2087.43,smb
CUST-001678,Quinn Adler,quinn.adler@example.org,APAC,2024-03-07,13782.03,midmarket
CUST-001679,Maja Falk,maja.falk@example.org,APAC,2021-03-06,2331.44,smb
CUST-001680,Elif Rossi,elif.rossi@example.org,EMEA,2022-09-27,3252.65,midmarket
CUST-001681,Hugo Novak,hugo.novak@example.org,AMER,2021-10-19,2859.45,smb
CUST-001682,Hugo Petrov,hugo.petrov@example.net,APAC,2024-09-11,11958.03,midmarket
CUST-001683,Alina Petrov,alina.petrov@example.org,AMER,2024-02-24,499.45,smb
CUST-001684,Olga Falk,olga.falk@example.net,APAC,2023-07-15,59604.86,enterprise
CUST-001685,Bruno Bergmann,bruno.bergmann@example.org,EMEA,2025-05-31,1634.79,smb
CUST-001686,Vera Cordova,vera.cordova@example.net,APAC,2023-07-26,13270.93,enterprise
CUST-001687,Zoran Ivanov,zoran.ivanov@example.com,EMEA,2021-11-06,5428.49,midmarket
CUST-001688,Hugo Falk,hugo.falk@example.org,EMEA,2025-10-16,13706.68,midmarket
CUST-001689,Nils Falk,nils.falk@example.org,AMER,2024-06-16,29686.83,enterprise
CUST-001690,Elif Schneider,elif.schneider@example.org,APAC,2021-03-15,2810.64,smb
CUST-001691,Jonas Eriksen,jonas.eriksen@example.net,EMEA,2022-06-02,47940.00,enterprise
CUST-001692,Dmitri Cordova,dmitri.cordova@example.com,AMER,2025-05-06,33442.54,enterprise
CUST-001693,Vera Vermeer,vera.vermeer@example.com,APAC,2024-03-31,2348.02,smb
CUST-001694,Sven Falk,sven.falk@example.org,APAC,2024-11-09,7970.25,midmarket
CUST-001695,Yara Lindqvist,yara.lindqvist@example.com,EMEA,2023-11-01,1754.31,smb
CUST-001696,Vera Petrov,vera.petrov@example.org,EMEA,2025-04-06,24600.69,enterprise
CUST-001697,Alina Falk,alina.falk@example.com,APAC,2023-05-11,26722.80,enterprise
CUST-001698,Kira Ivanov,kira.ivanov@example.net,EMEA,2023-11-17,14810.82,midmarket
CUST-001699,Carla Moreau,carla.moreau@example.com,AMER,2023-05-16,31958.27,enterprise
CUST-001700,Alina Dahl,alina.dahl@example.com,AMER,2024-11-21,895.65,smb
CUST-001701,Olga Novak,olga.novak@example.net,AMER,2021-07-12,9422.71,midmarket
CUST-001702,Carla Kowalski,carla.kowalski@example.com,AMER,2021-11-08,4529.44,midmarket
CUST-001703,Dmitri Ivanov,dmitri.ivanov@example.org,EMEA,2022-07-20,8235.77,midmarket
CUST-001704,Bruno Lindqvist,bruno.lindqvist@example.org,APAC,2021-04-05,77446.05,enterprise
CUST-001705,Bruno Halvorsen,bruno.halvorsen@example.com,APAC,2025-01-14,41290.46,enterprise
CUST-001706,Dmitri Kowalski,dmitri.kowalski@example.org,APAC,2022-06-12,32787.47,enterprise
CUST-001707,Quinn Eriksen,quinn.eriksen@example.com,AMER,2022-12-24,411.82,smb
CUST-001708,Dmitri Dahl,dmitri.dahl@example.net,EMEA,2021-06-30,73845.55,enterprise
CUST-001709,Piet Schneider,piet.schneider@example.org,AMER,2022-09-05,53288.05,enterprise
CUST-001710,Hugo Ivanov,hugo.ivanov@example.net,AMER,2022-05-10,2506.07,smb
CUST-001711,Tessa Toivonen,tessa.toivonen@example.org,APAC,2021-10-25,665.30,smb
CUST-001712,Sven Adler,sven.adler@example.org,EMEA,2025-02-21,4001.78,midmarket
CUST-001713,Farid Toivonen,farid.toivonen@example.net,EMEA,2021-02-21,1958.21,midmarket
CUST-001714,Nils Eriksen,nils.eriksen@example.org,AMER,2022-12-07,14737.40,midmarket
CUST-001715,Ines Olsen,ines.olsen@example.org,APAC,2022-04-01,55156.55,enterprise
CUST-001716,Vera Moreau,vera.moreau@example.com,EMEA,2022-06-27,16806.36,enterprise
CUST-001717,Dmitri Kowalski,dmitri.kowalski@example.com,APAC,2023-10-17,10769.95,midmarket
CUST-001718,Maja Lindqvist,maja.lindqvist@example.org,APAC,2021-06-14,4924.88,midmarket
CUST-001719,Vera Eriksen,vera.eriksen@example.org,EMEA,2023-01-07,48459.35,enterprise
CUST-001720,Vera Moreau,vera.moreau@example.com,AMER,2025-04-14,3056.45,midmarket
CUST-001721,Alina Adler,alina.adler@example.net,AMER,2024-05-22,12328.96,midmarket
CUST-001722,Ines Toivonen,ines.toivonen@example.net,EMEA,2024-05-20,29573.88,enterprise
CUST-001723,Tessa Lindqvist,tessa.lindqvist@example.com,AMER,2024-03-08,379.52,smb
CUST-001724,Kira Novak,kira.novak@example.com,APAC,2024-07-10,66361.00,enterprise
CUST-001725,Elif Rossi,elif.rossi@example.net,EMEA,2022-03-16,5850.25,midmarket
CUST-001726,Lars Halvorsen,lars.halvorsen@example.org,AMER,2022-04-22,5139.04,midmarket
CUST-001727,Sven Gruber,sven.gruber@example.com,EMEA,2025-11-14,65592.84,enterprise
CUST-001728,Ulrich Dahl,ulrich.dahl@example.org,EMEA,2025-10-02,333.24,smb
CUST-001729,Elif Adler,elif.adler@example.com,EMEA,2021-11-22,6569.59,midmarket
CUST-001730,Kira Toivonen,kira.toivonen@example.org,APAC,2024-01-06,1905.97,smb
CUST-001731,Elif Dahl,elif.dahl@example.com,APAC,2023-05-19,15599.59,midmarket
CUST-001732,Ines Eriksen,ines.eriksen@example.com,EMEA,2023-04-16,21234.82,enterprise
CUST-001733,Rosa Dahl,rosa.dahl@example.org,AMER,2025-09-22,2290.61,smb
CUST-001734,Bruno Moreau,bruno.moreau@example.com,AMER,2021-12-14,51773.78,enterprise
CUST-001735,Wim Kowalski,wim.kowalski@example.org,EMEA,2021-09-18,12474.20,midmarket
CUST-001736,Hugo Lindqvist,hugo.lindqvist@example.net,AMER,2022-10-24,27737.18,enterprise
CUST-001737,Greta Novak,greta.novak@example.com,AMER,2021-10-21,1600.94,smb
CUST-001738,Zoran Dahl,zoran.dahl@example.com,AMER,2023-01-20,11915.02,midmarket
CUST-001739,Greta Petrov,greta.petrov@example.com,EMEA,2021-11-10,8955.39,midmarket
CUST-001740,Nils Bergmann,nils.bergmann@example.com,EMEA,2023-07-30,2722.09,smb
CUST-001741,Alina Gruber,alina.gruber@example.com,AMER,2023-05-05,1044.69,smb
CUST-001742,Maja Vermeer,maja.vermeer@example.net,APAC,2023-11-23,33744.35,enterprise
CUST-001743,Elif Kowalski,elif.kowalski@example.org,AMER,2024-12-03,2081.95,smb
CUST-001744,Kira Ivanov,kira.ivanov@example.net,APAC,2023-06-23,560.37,smb
CUST-001745,Ines Toivonen,ines.toivonen@example.net,EMEA,2021-12-23,741.02,smb
CUST-001746,Rosa Eriksen,rosa.eriksen@example.net,EMEA,2025-02-03,1063.05,smb
CUST-001747,Olga Falk,olga.falk@example.com,EMEA,2025-10-01,6838.03,midmarket
CUST-001748,Wim Vermeer,wim.vermeer@example.net,AMER,2024-06-15,55114.11,enterprise
CUST-001749,Alina Kowalski,alina.kowalski@example.net,EMEA,2023-03-16,14176.46,midmarket
CUST-001750,Alina Rossi,alina.rossi@example.net,AMER,2025-08-31,7062.81,midmarket
CUST-001751,Maja Petrov,maja.petrov@example.net,AMER,2022-10-18,4988.76,midmarket
CUST-001752,Farid Rossi,farid.rossi@example.net,APAC,2024-04-30,1680.84,smb
CUST-001753,Dmitri Jansen,dmitri.jansen@example.net,AMER,2021-11-15,7156.96,midmarket
CUST-001754,Dmitri Eriksen,dmitri.eriksen@example.com,AMER,2022-07-23,15683.98,midmarket
CUST-001755,Sven Jansen,sven.jansen@example.com,APAC,2023-07-01,6548.50,midmarket
CUST-001756,Nils Jansen,nils.jansen@example.net,APAC,2021-01-17,740.67,smb
CUST-001757,Kira Halvorsen,kira.halvorsen@example.net,AMER,2025-08-09,2102.26,midmarket
CUST-001758,Elif Jansen,elif.jansen@example.com,EMEA,2022-05-11,8325.03,midmarket
CUST-001759,Yara Rossi,yara.rossi@example.net,EMEA,2021-09-01,9579.63,midmarket
CUST-001760,Tessa Petrov,tessa.petrov@example.com,APAC,2022-05-06,2582.22,smb
CUST-001761,Sven Bergmann,sven.bergmann@example.net,AMER,2025-05-08,12401.54,midmarket
CUST-001762,Greta Halvorsen,greta.halvorsen@example.com,AMER,2021-03-30,50566.60,enterprise
CUST-001763,Kira Eriksen,kira.eriksen@example.net,EMEA,2021-06-16,1435.84,smb
CUST-001764,Elif Eriksen,elif.eriksen@example.com,AMER,2025-11-13,52398.81,enterprise
CUST-001765,Ulrich Novak,ulrich.novak@example.org,EMEA,2025-12-11,1678.25,smb
CUST-001766,Jonas Novak,jonas.novak@example.net,EMEA,2024-12-31,17975.00,midmarket
CUST-001767,Tessa Halvorsen,tessa.halvorsen@example.net,APAC,2025-01-12,23190.49,enterprise
CUST-001768,Vera Olsen,vera.olsen@example.com,APAC,2025-04-08,54017.67,enterprise
CUST-001769,Sven Jansen,sven.jansen@example.org,EMEA,2025-09-04,15908.48,midmarket
CUST-001770,Lars Lindqvist,lars.lindqvist@example.com,EMEA,2021-01-23,21795.01,enterprise
CUST-001771,Zoran Novak,zoran.novak@example.com,APAC,2025-07-24,2274.13,smb
CUST-001772,Farid Lindqvist,farid.lindqvist@example.org,AMER,2021-04-17,2612.67,smb
CUST-001773,Nils Jansen,nils.jansen@example.com,APAC,2024-05-06,2778.49,smb
CUST-001774,Piet Toivonen,piet.toivonen@example.com,EMEA,2024-04-06,27801.09,enterprise
CUST-001775,Farid Olsen,farid.olsen@example.net,AMER,2021-10-16,53990.21,enterprise
CUST-001776,Nils Jansen,nils.jansen@example.com,AMER,2023-02-14,36835.92,enterprise
CUST-001777,Farid Jansen,farid.jansen@example.org,EMEA,2022-12-13,8406.38,midmarket
CUST-001778,Ines Schneider,ines.schneider@example.net,AMER,2023-01-19,16957.17,midmarket
CUST-001779,Greta Schneider,greta.schneider@example.net,AMER,2024-08-14,49548.23,enterprise
CUST-001780,Maja Cordova,maja.cordova@example.org,APAC,2025-11-19,2612.72,smb
CUST-001781,Kira Eriksen,kira.eriksen@example.com,APAC,2025-03-07,31153.66,enterprise
CUST-001782,Lars Ivanov,lars.ivanov@example.org,AMER,2024-03-04,9044.80,midmarket
CUST-001783,Bruno Novak,bruno.novak@example.com,APAC,2025-05-19,2149.71,smb
CUST-001784,Rosa Moreau,rosa.moreau@example.org,EMEA,2021-05-11,2097.30,smb
CUST-001785,Yara Vermeer,yara.vermeer@example.org,EMEA,2023-11-12,856.45,smb
CUST-001786,Wim Moreau,wim.moreau@example.com,AMER,2025-04-10,65318.79,enterprise
CUST-001787,Nils Novak,nils.novak@example.org,APAC,2024-10-09,4128.88,midmarket
CUST-001788,Hugo Halvorsen,hugo.halvorsen@example.com,APAC,2023-02-08,12260.38,midmarket
CUST-001789,Lars Eriksen,lars.eriksen@example.com,EMEA,2024-03-06,2444.51,smb
CUST-001790,Hugo Falk,hugo.falk@example.com,EMEA,2025-11-05,45787.88,enterprise
CUST-001791,Hugo Gruber,hugo.gruber@example.com,EMEA,2025-05-11,5846.17,midmarket
CUST-001792,Quinn Ivanov,quinn.ivanov@example.net,APAC,2022-07-08,7437.26,midmarket
CUST-001793,Bruno Vermeer,bruno.vermeer@example.com,APAC,2022-02-22,59981.99,enterprise
CUST-001794,Olga Bergmann,olga.bergmann@example.com,APAC,2022-07-01,58706.26,enterprise
CUST-001795,Ulrich Adler,ulrich.adler@example.com,AMER,2023-09-11,649.15,smb
CUST-001796,Vera Adler,vera.adler@example.net,AMER,2024-02-20,13752.66,midmarket
CUST-001797,Greta Halvorsen,greta.halvorsen@example.com,AMER,2025-04-10,12540.48,midmarket
CUST-001798,Elif Falk,elif.falk@example.net,EMEA,2024-10-18,23349.95,enterprise
CUST-001799,Zoran Dahl,zoran.dahl@example.net,AMER,2025-12-19,1866.17,smb
CUST-001800,Quinn Lindqvist,quinn.lindqvist@example.com,APAC,2023-02-10,75478.73,enterprise
CUST-001801,Nils Ivanov,nils.ivanov@example.net,EMEA,2022-10-31,17453.65,midmarket
CUST-001802,Piet Lindqvist,piet.lindqvist@example.org,AMER,2023-05-04,27402.19,enterprise
CUST-001803,Alina Halvorsen,alina.halvorsen@example.net,APAC,2021-11-29,71877.44,enterprise
CUST-001804,Carla Ivanov,carla.ivanov@example.net,EMEA,2025-11-21,12041.18,midmarket
CUST-001805,Nils Schneider,nils.schneider@example.net,EMEA,2025-06-28,1044.24,smb
CUST-001806,Ulrich Dahl,ulrich.dahl@example.org,EMEA,2022-04-14,1338.28,smb
CUST-001807,Nils Toivonen,nils.toivonen@example.com,EMEA,2023-08-07,60711.88,enterprise
CUST-001808,Farid Novak,farid.novak@example.org,EMEA,2025-08-16,2576.45,smb
CUST-001809,Dmitri Eriksen,dmitri.eriksen@example.org,AMER,2022-06-25,19918.80,enterprise
CUST-001810,Maja Eriksen,maja.eriksen@example.net,APAC,2024-03-18,72608.73,enterprise
CUST-001811,Nils Rossi,nils.rossi@example.com,APAC,2023-05-02,705.34,smb
CUST-001812,Tessa Jansen,tessa.jansen@example.org,APAC,2021-07-19,19555.66,enterprise
CUST-001813,Lars Schneider,lars.schneider@example.org,EMEA,2021-12-21,10733.53,midmarket
CUST-001814,Dmitri Olsen,dmitri.olsen@example.org,AMER,2021-12-27,14748.59,midmarket
CUST-001815,Zoran Moreau,zoran.moreau@example.org,APAC,2022-11-17,599.66,smb
CUST-001816,Hugo Olsen,hugo.olsen@example.net,AMER,2024-11-28,15493.32,midmarket
CUST-001817,Wim Cordova,wim.cordova@example.com,EMEA,2025-01-25,56336.73,enterprise
CUST-001818,Quinn Bergmann,quinn.bergmann@example.net,AMER,2021-03-22,2819.56,midmarket
CUST-001819,Sven Dahl,sven.dahl@example.net,EMEA,2023-07-16,48742.23,enterprise
CUST-001820,Wim Olsen,wim.olsen@example.com,EMEA,2023-03-17,3828.72,midmarket
CUST-001821,Greta Bergmann,greta.bergmann@example.net,EMEA,2025-05-13,2962.61,smb
CUST-001822,Rosa Dahl,rosa.dahl@example.org,EMEA,2025-09-22,38802.02,enterprise
CUST-001823,Carla Falk,carla.falk@example.net,AMER,2024-02-04,8932.69,enterprise
CUST-001824,Quinn Schneider,quinn.schneider@example.org,EMEA,2023-11-02,14304.09,midmarket
CUST-001825,Dmitri Cordova,dmitri.cordova@example.net,EMEA,2022-06-19,2463.13,smb
CUST-001826,Zoran Gruber,zoran.gruber@example.org,AMER,2025-07-19,7251.45,midmarket
CUST-001827,Bruno Lindqvist,bruno.lindqvist@example.net,AMER,2025-07-27,46923.69,enterprise
CUST-001828,Greta Cordova,greta.cordova@example.org,APAC,2024-01-07,78798.22,enterprise
CUST-001829,Greta Schneider,greta.schneider@example.org,EMEA,2022-12-04,70752.65,enterprise
CUST-001830,Yara Lindqvist,yara.lindqvist@example.net,EMEA,2021-06-24,26085.95,enterprise
CUST-001831,Quinn Vermeer,quinn.vermeer@example.org,AMER,2025-07-12,1451.28,smb
CUST-001832,Quinn Novak,quinn.novak@example.net,EMEA,2021-11-26,2979.19,smb
CUST-001833,Elif Halvorsen,elif.halvorsen@example.org,AMER,2022-12-25,2519.29,smb
CUST-001834,Alina Kowalski,alina.kowalski@example.org,AMER,2021-05-24,11688.98,enterprise
CUST-001835,Wim Schneider,wim.schneider@example.com,EMEA,2023-11-11,1387.28,smb
CUST-001836,Piet Bergmann,piet.bergmann@example.org,EMEA,2022-02-20,506.98,smb
CUST-001837,Ulrich Cordova,ulrich.cordova@example.com,AMER,2023-03-22,8292.77,midmarket
CUST-001838,Maja Kowalski,maja.kowalski@example.net,AMER,2022-12-22,2214.87,smb
CUST-001839,Hugo Rossi,hugo.rossi@example.org,APAC,2023-09-02,16113.35,midmarket
CUST-001840,Hugo Lindqvist,hugo.lindqvist@example.org,APAC,2025-09-06,17391.33,enterprise
CUST-001841,Yara Eriksen,yara.eriksen@example.com,AMER,2024-08-24,51102.29,enterprise
CUST-001842,Wim Adler,wim.adler@example.com,APAC,2025-03-04,45158.86,enterprise
CUST-001843,Kira Bergmann,kira.bergmann@example.org,EMEA,2023-07-26,72782.45,enterprise
CUST-001844,Zoran Adler,zoran.adler@example.net,APAC,2023-02-05,36257.29,enterprise
CUST-001845,Elif Olsen,elif.olsen@example.net,AMER,2024-04-29,1868.70,smb
CUST-001846,Olga Ivanov,olga.ivanov@example.com,EMEA,2022-08-15,463.44,smb
CUST-001847,Olga Schneider,olga.schneider@example.com,AMER,2025-08-02,20229.61,enterprise
CUST-001848,Rosa Novak,rosa.novak@example.com,EMEA,2024-10-05,70201.52,enterprise
CUST-001849,Olga Petrov,olga.petrov@example.net,APAC,2022-01-13,44531.10,enterprise
CUST-001850,Vera Halvorsen,vera.halvorsen@example.org,AMER,2023-05-09,11204.93,midmarket
CUST-001851,Hugo Gruber,hugo.gruber@example.net,EMEA,2021-10-03,37927.65,enterprise
CUST-001852,Jonas Jansen,jonas.jansen@example.net,APAC,2021-10-30,2777.23,smb
CUST-001853,Rosa Vermeer,rosa.vermeer@example.com,EMEA,2025-05-22,2074.88,smb
CUST-001854,Zoran Falk,zoran.falk@example.net,AMER,2022-04-10,2404.34,smb
CUST-001855,Kira Bergmann,kira.bergmann@example.org,APAC,2022-03-25,37062.80,enterprise
CUST-001856,Quinn Halvorsen,quinn.halvorsen@example.org,APAC,2025-06-29,66172.34,enterprise
CUST-001857,Jonas Olsen,jonas.olsen@example.net,APAC,2023-04-19,69221.65,enterprise
CUST-001858,Zoran Jansen,zoran.jansen@example.com,APAC,2023-10-24,15368.26,midmarket
CUST-001859,Zoran Novak,zoran.novak@example.net,EMEA,2023-10-01,2411.18,smb
CUST-001860,Alina Olsen,alina.olsen@example.com,EMEA,2022-02-01,2272.30,smb
CUST-001861,Piet Petrov,piet.petrov@example.com,APAC,2024-03-10,79426.38,enterprise
CUST-001862,Tessa Vermeer,tessa.vermeer@example.net,APAC,2022-05-09,4711.79,midmarket
CUST-001863,Rosa Lindqvist,rosa.lindqvist@example.net,AMER,2023-11-01,14664.00,midmarket
CUST-001864,Elif Vermeer,elif.vermeer@example.net,EMEA,2024-02-07,37805.24,enterprise
CUST-001865,Yara Bergmann,yara.bergmann@example.net,EMEA,2022-05-15,1204.02,smb
CUST-001866,Alina Toivonen,alina.toivonen@example.net,EMEA,2023-05-02,7606.16,midmarket
CUST-001867,Yara Adler,yara.adler@example.com,AMER,2023-03-21,65255.24,enterprise
CUST-001868,Yara Toivonen,yara.toivonen@example.org,EMEA,2021-05-20,10579.74,midmarket
CUST-001869,Carla Adler,carla.adler@example.net,EMEA,2023-09-21,74823.16,enterprise
CUST-001870,Nils Rossi,nils.rossi@example.org,EMEA,2023-08-13,1090.20,smb
CUST-001871,Quinn Cordova,quinn.cordova@example.org,AMER,2025-06-25,7149.77,midmarket
CUST-001872,Alina Gruber,alina.gruber@example.com,AMER,2024-03-03,675.41,smb
CUST-001873,Kira Moreau,kira.moreau@example.com,AMER,2023-10-11,2936.27,smb
CUST-001874,Hugo Bergmann,hugo.bergmann@example.org,AMER,2024-08-11,2401.61,smb
CUST-001875,Piet Olsen,piet.olsen@example.com,APAC,2024-05-24,1937.77,smb
CUST-001876,Ulrich Eriksen,ulrich.eriksen@example.org,EMEA,2021-05-06,6702.88,midmarket
CUST-001877,Carla Petrov,carla.petrov@example.net,APAC,2024-06-01,603.41,smb
CUST-001878,Alina Gruber,alina.gruber@example.org,AMER,2022-03-19,1299.57,smb
CUST-001879,Nils Cordova,nils.cordova@example.net,EMEA,2023-01-10,39627.83,enterprise
CUST-001880,Piet Vermeer,piet.vermeer@example.com,EMEA,2021-01-24,33715.92,enterprise
CUST-001881,Nils Schneider,nils.schneider@example.net,APAC,2024-08-30,3933.76,midmarket
CUST-001882,Hugo Novak,hugo.novak@example.org,EMEA,2021-12-05,36952.18,enterprise
CUST-001883,Nils Gruber,nils.gruber@example.com,EMEA,2024-07-05,5232.61,midmarket
CUST-001884,Rosa Adler,rosa.adler@example.net,APAC,2024-07-23,1009.20,smb
CUST-001885,Kira Vermeer,kira.vermeer@example.org,APAC,2024-01-14,15281.83,midmarket
CUST-001886,Dmitri Dahl,dmitri.dahl@example.net,APAC,2024-11-12,28174.45,enterprise
CUST-001887,Bruno Petrov,bruno.petrov@example.org,APAC,2021-02-03,8455.76,enterprise
CUST-001888,Elif Moreau,elif.moreau@example.org,APAC,2023-08-28,2418.06,smb
CUST-001889,Yara Eriksen,yara.eriksen@example.com,EMEA,2024-03-10,1633.12,smb
CUST-001890,Lars Olsen,lars.olsen@example.net,APAC,2023-07-21,29062.90,enterprise
CUST-001891,Tessa Halvorsen,tessa.halvorsen@example.net,EMEA,2024-04-09,77240.71,enterprise
CUST-001892,Kira Bergmann,kira.bergmann@example.com,EMEA,2023-04-24,2931.82,midmarket
CUST-001893,Quinn Novak,quinn.novak@example.net,AMER,2021-01-16,2955.51,smb
CUST-001894,Dmitri Cordova,dmitri.cordova@example.com,AMER,2021-12-02,47398.95,enterprise
CUST-001895,Kira Jansen,kira.jansen@example.org,APAC,2024-10-17,27547.37,enterprise
CUST-001896,Quinn Jansen,quinn.jansen@example.org,AMER,2024-03-30,24844.99,enterprise
CUST-001897,Tessa Lindqvist,tessa.lindqvist@example.net,APAC,2023-11-01,497.77,smb
CUST-001898,Hugo Falk,hugo.falk@example.org,EMEA,2022-05-28,13357.96,midmarket
CUST-001899,Bruno Jansen,bruno.jansen@example.org,AMER,2024-08-01,1999.02,smb
CUST-001900,Ines Gruber,ines.gruber@example.org,APAC,2024-02-15,48343.73,enterprise
CUST-001901,Dmitri Halvorsen,dmitri.halvorsen@example.com,AMER,2021-01-06,17334.19,midmarket
CUST-001902,Quinn Cordova,quinn.cordova@example.com,EMEA,2022-10-20,18638.23,enterprise
CUST-001903,Wim Gruber,wim.gruber@example.com,APAC,2023-11-02,68164.88,enterprise
CUST-001904,Yara Jansen,yara.jansen@example.net,AMER,2022-03-07,16674.95,midmarket
CUST-001905,Quinn Halvorsen,quinn.halvorsen@example.net,APAC,2025-09-21,1954.71,midmarket
CUST-001906,Dmitri Toivonen,dmitri.toivonen@example.net,AMER,2022-06-26,938.02,smb
CUST-001907,Dmitri Petrov,dmitri.petrov@example.com,AMER,2024-06-17,77268.12,enterprise
CUST-001908,Zoran Ivanov,zoran.ivanov@example.com,AMER,2024-02-28,2734.78,midmarket
CUST-001909,Sven Kowalski,sven.kowalski@example.org,APAC,2022-11-02,473.91,smb
CUST-001910,Nils Moreau,nils.moreau@example.com,EMEA,2023-03-09,2017.79,smb
CUST-001911,Alina Jansen,alina.jansen@example.com,AMER,2023-03-17,2076.88,smb
CUST-001912,Greta Moreau,greta.moreau@example.com,AMER,2025-07-02,58486.12,enterprise
CUST-001913,Zoran Schneider,zoran.schneider@example.net,APAC,2024-01-19,2377.91,smb
CUST-001914,Bruno Rossi,bruno.rossi@example.org,APAC,2025-09-16,2670.93,smb
CUST-001915,Kira Bergmann,kira.bergmann@example.org,AMER,2021-10-20,17324.16,midmarket
CUST-001916,Olga Gruber,olga.gruber@example.com,AMER,2022-03-03,8086.17,midmarket
CUST-001917,Nils Olsen,nils.olsen@example.net,EMEA,2021-11-20,2357.85,smb
CUST-001918,Quinn Bergmann,quinn.bergmann@example.com,APAC,2025-03-02,66750.92,enterprise
CUST-001919,Hugo Ivanov,hugo.ivanov@example.com,APAC,2025-11-15,537.99,smb
CUST-001920,Sven Petrov,sven.petrov@example.com,AMER,2022-12-14,1772.52,smb
CUST-001921,Nils Lindqvist,nils.lindqvist@example.net,EMEA,2022-11-16,8611.50,midmarket
CUST-001922,Dmitri Kowalski,dmitri.kowalski@example.org,EMEA,2022-11-06,10550.74,midmarket
CUST-001923,Hugo Rossi,hugo.rossi@example.org,AMER,2021-08-18,1323.83,smb
CUST-001924,Vera Vermeer,vera.vermeer@example.net,AMER,2021-02-15,2915.59,smb
CUST-001925,Piet Novak,piet.novak@example.org,EMEA,2024-05-18,1330.44,smb
CUST-001926,Ulrich Dahl,ulrich.dahl@example.com,AMER,2025-06-21,58391.84,enterprise
CUST-001927,Elif Gruber,elif.gruber@example.net,AMER,2022-03-30,55155.26,enterprise
CUST-001928,Rosa Falk,rosa.falk@example.net,EMEA,2023-02-05,13751.84,midmarket
CUST-001929,Olga Olsen,olga.olsen@example.org,EMEA,2025-11-10,2648.35,smb
CUST-001930,Tessa Moreau,tessa.moreau@example.org,EMEA,2024-06-30,12429.34,midmarket
CUST-001931,Nils Novak,nils.novak@example.net,EMEA,2022-11-09,2186.69,smb
CUST-001932,Carla Jansen,carla.jansen@example.net,APAC,2022-10-25,1716.58,smb
CUST-001933,Kira Olsen,kira.olsen@example.org,APAC,2021-08-31,730.99,smb
CUST-001934,Olga Halvorsen,olga.halvorsen@example.com,AMER,2024-05-31,2165.91,midmarket
CUST-001935,Carla Lindqvist,carla.lindqvist@example.org,EMEA,2025-03-07,38309.75,enterprise
CUST-001936,Wim Petrov,wim.petrov@example.net,EMEA,2021-07-22,2861.47,smb
CUST-001937,Farid Rossi,farid.rossi@example.net,APAC,2024-03-08,10987.01,midmarket
CUST-001938,Elif Kowalski,elif.kowalski@example.org,APAC,2025-05-13,53522.94,enterprise
CUST-001939,Olga Petrov,olga.petrov@example.net,AMER,2024-04-26,5897.65,midmarket
CUST-001940,Ines Ivanov,ines.ivanov@example.org,APAC,2024-04-07,10914.62,midmarket
CUST-001941,Dmitri Halvorsen,dmitri.halvorsen@example.org,EMEA,2022-10-06,6446.28,midmarket
CUST-001942,Nils Falk,nils.falk@example.net,AMER,2021-02-23,8080.51,midmarket
CUST-001943,Sven Novak,sven.novak@example.net,APAC,2024-12-25,14160.49,midmarket
CUST-001944,Nils Gruber,nils.gruber@example.net,APAC,2021-05-26,14425.59,midmarket
CUST-001945,Tessa Gruber,tessa.gruber@example.net,APAC,2025-06-04,76386.53,enterprise
CUST-001946,Rosa Olsen,rosa.olsen@example.org,AMER,2025-10-04,76038.92,enterprise
CUST-001947,Hugo Dahl,hugo.dahl@example.net,EMEA,2022-04-29,15999.06,midmarket
CUST-001948,Hugo Gruber,hugo.gruber@example.org,EMEA,2023-07-02,2249.08,smb
CUST-001949,Jonas Novak,jonas.novak@example.net,APAC,2025-12-11,13749.25,midmarket
CUST-001950,Kira Olsen,kira.olsen@example.com,AMER,2024-08-25,5368.09,midmarket
CUST-001951,Nils Cordova,nils.cordova@example.org,APAC,2022-06-18,5213.31,midmarket
CUST-001952,Vera Jansen,vera.jansen@example.net,AMER,2022-08-06,6159.87,midmarket
CUST-001953,Maja Halvorsen,maja.halvorsen@example.com,APAC,2022-12-08,2707.91,smb
CUST-001954,Lars Ivanov,lars.ivanov@example.org,EMEA,2021-03-06,55749.28,enterprise
CUST-001955,Wim Schneider,wim.schneider@example.com,EMEA,2022-04-17,1752.85,smb
CUST-001956,Olga Eriksen,olga.eriksen@example.org,AMER,2024-10-22,60830.06,enterprise
CUST-001957,Vera Schneider,vera.schneider@example.com,APAC,2023-05-12,29867.23,enterprise
CUST-001958,Quinn Kowalski,quinn.kowalski@example.net,APAC,2023-02-17,2032.86,smb
CUST-001959,Ulrich Vermeer,ulrich.vermeer@example.org,AMER,2021-04-19,51370.68,enterprise
CUST-001960,Alina Kowalski,alina.kowalski@example.net,APAC,2023-05-19,52449.31,enterprise
CUST-001961,Kira Gruber,kira.gruber@example.org,EMEA,2021-05-06,4806.48,midmarket
CUST-001962,Dmitri Kowalski,dmitri.kowalski@example.com,APAC,2022-07-21,6916.39,midmarket
CUST-001963,Rosa Kowalski,rosa.kowalski@example.com,AMER,2024-12-27,1894.11,smb
CUST-001964,Ines Kowalski,ines.kowalski@example.net,APAC,2021-06-12,9894.33,midmarket
CUST-001965,Rosa Lindqvist,rosa.lindqvist@example.org,APAC,2021-07-31,5205.91,midmarket
CUST-001966,Rosa Petrov,rosa.petrov@example.com,EMEA,2021-07-14,1866.31,smb
CUST-001967,Elif Olsen,elif.olsen@example.net,AMER,2025-11-11,18090.44,enterprise
CUST-001968,Dmitri Moreau,dmitri.moreau@example.org,EMEA,2023-11-27,2002.01,smb
CUST-001969,Dmitri Novak,dmitri.novak@example.net,APAC,2021-05-28,2930.90,smb
CUST-001970,Dmitri Toivonen,dmitri.toivonen@example.org,APAC,2021-06-16,23847.11,enterprise
CUST-001971,Carla Olsen,carla.olsen@example.com,AMER,2023-10-04,2579.52,smb
CUST-001972,Maja Toivonen,maja.toivonen@example.org,EMEA,2021-03-18,10544.88,midmarket
CUST-001973,Elif Ivanov,elif.ivanov@example.net,APAC,2025-07-15,59377.85,enterprise
CUST-001974,Yara Kowalski,yara.kowalski@example.org,EMEA,2021-06-12,12127.85,enterprise
CUST-001975,Yara Jansen,yara.jansen@example.com,APAC,2021-08-18,707.84,smb
CUST-001976,Maja Moreau,maja.moreau@example.net,APAC,2023-08-26,1373.63,smb
CUST-001977,Alina Falk,alina.falk@example.org,EMEA,2022-03-27,4633.52,midmarket
CUST-001978,Ulrich Kowalski,ulrich.kowalski@example.net,EMEA,2025-09-27,18831.68,enterprise
CUST-001979,Ines Jansen,ines.jansen@example.com,EMEA,2021-11-16,2891.32,smb
CUST-001980,Yara Halvorsen,yara.halvorsen@example.net,EMEA,2024-05-16,2822.11,smb
CUST-001981,Zoran Eriksen,zoran.eriksen@example.org,APAC,2021-05-28,14198.68,enterprise
CUST-001982,Rosa Gruber,rosa.gruber@example.net,EMEA,2024-02-12,2270.71,smb
CUST-001983,Greta Gruber,greta.gruber@example.com,AMER,2022-01-01,2177.47,smb
CUST-001984,Rosa Eriksen,rosa.eriksen@example.org,AMER,2025-01-13,19849.42,enterprise
CUST-001985,Zoran Cordova,zoran.cordova@example.com,AMER,2021-01-04,17595.10,midmarket
CUST-001986,Vera Eriksen,vera.eriksen@example.com,AMER,2024-10-07,3951.68,midmarket
CUST-001987,Nils Vermeer,nils.vermeer@example.org,EMEA,2021-05-20,521.07,smb
CUST-001988,Nils Eriksen,nils.eriksen@example.org,APAC,2022-08-14,77940.69,enterprise
CUST-001989,Tessa Olsen,tessa.olsen@example.org,EMEA,2024-04-01,20379.16,enterprise
CUST-001990,Alina Rossi,alina.rossi@example.com,APAC,2025-10-28,15212.62,midmarket
CUST-001991,Alina Cordova,alina.cordova@example.com,AMER,2023-03-15,13202.02,midmarket
CUST-001992,Zoran Moreau,zoran.moreau@example.org,APAC,2024-07-22,2723.59,smb
CUST-001993,Carla Jansen,carla.jansen@example.org,APAC,2021-06-19,42727.96,enterprise
CUST-001994,Olga Cordova,olga.cordova@example.net,APAC,2024-02-17,5738.29,midmarket
CUST-001995,Tessa Falk,tessa.falk@example.org,APAC,2025-06-12,7059.99,midmarket
CUST-001996,Alina Eriksen,alina.eriksen@example.net,APAC,2021-08-12,23175.02,enterprise
CUST-001997,Kira Ivanov,kira.ivanov@example.com,EMEA,2023-10-22,1999.61,smb
CUST-001998,Quinn Novak,quinn.novak@example.org,AMER,2025-01-24,9483.28,midmarket
CUST-001999,Hugo Toivonen,hugo.toivonen@example.org,AMER,2022-03-12,1905.14,smb
CUST-002000,Nils Vermeer,nils.vermeer@example.net,APAC,2023-03-26,7398.75,midmarket
